item1,item2,item3,item4,item5,item6,item7,item8,item9,item10,item11
Pancake Mix,Pineapple,Radishes,Asparagus,Watermelon,nan,Water,Sour Cream,Pickles,Lemon,Cereal
nan,Peaches,Pickles,Peanut Butter,Salt,Sour Cream,Milk,Bell Pepper,Barley,Watermelon,Ketchup
Brown Sugar,Pineapple,Strawberries,Quinoa,Frozen Vegetables,Maple Syrup,Half and Half,Whipped Cream,Rice,Canned Soup,Honey
Carrot,Mushrooms,Peanut Butter,Grapes,Peaches,Yeast,Carrot,Canned Tuna,Eggplant,Cookies,Frozen Fish
Flour,Cottage Cheese,Garlic,Whipped Cream,Ice Cream,Ice Cream,Apple,Brown Sugar,Ketchup,Maple Syrup,Flax Seeds
Strawberries,Yogurt,Orange,Vinegar,Potato,Spinach,Ice Cream,Nectarines,Frozen Vegetables,Milk,Apple
Lettuce,Plums,Frozen Fruits,Bell Pepper,Radishes,Spaghetti Sauce,Kale,Sugar,Radishes,Mangoes,Flour
Strawberries,Crackers,Fish,Cantaloupe,Apple,Jam,Vinegar,Frozen Dinners,Breadcrumbs,Water,Green Beans
Pepper,Watermelon,Orange,Orange,Asparagus,Fish,Tomato,nan,Jam,Potato,Flax Seeds
Flax Seeds,Butter,Ice Cream,Spaghetti Sauce,Coffee,Frozen Vegetables,Milk,Corn,Mayonnaise,nan,Lentils
Fish,Onion,Frozen Pizza,nan,Strawberries,Maple Syrup,Baking Soda,Cottage Cheese,Zucchini,Powdered Sugar,Hot Sauce
Cookies,Coconut Milk,nan,Nuts,Apple,Peanut Butter,Farro,Cheese,Mayonnaise,Coconut Milk,Avocado
nan,Butter Milk,Jam,nan,Sour Cream,Flour,nan,Cucumber,nan,Kale,Canned Tomatoes
Broccoli,Oats,nan,nan,Vinegar,Frozen Pizza,Mangoes,Olive Oil,Cornstarch,Salt,Tomato
Half and Half,Blackberries,Apple,Vinegar,Plums,Strawberries,Soy Milk,Plums,Cauliflower,Soy Milk,Soy Milk
Butter Milk,Plums,Heavy Cream,Olive Oil,Frozen Shrimp,Pickles,Waffles,Bread,Butter,Fish,Mayonnaise
Couscous,Juice,Powdered Sugar,Mustard,Coconut Milk,Lime,Fish,Watermelon,Nuts,Cereal,Asparagus
Grapes,Sour Cream,Hot Sauce,Soy Milk,Milk,Mangoes,Onion,Frozen Fruits,Kale,Cookies,Ice Cream
Rice,Half and Half,Almond Milk,Beans,Lemon,Peaches,Broccoli,Bell Pepper,Heavy Cream,Honeydew,Sugar
Celery,Coffee,Farro,Ice Cream,Salt,Broccoli,Lentils,Mangoes,Kale,Tomato,Blueberries
Cheese,nan,Hot Sauce,Chocolate,Bread,nan,Olive Oil,Cantaloupe,Mustard,Cheese,Peanut Butter
Cucumber,Green Beans,Powdered Sugar,Blueberries,Sugar,Half and Half,Garlic,Watermelon,nan,Nuts,Spinach
Canned Soup,Pancake Mix,Zucchini,Yeast,Baking Soda,Pears,Peanut Butter,Cantaloupe,Pickles,Sour Cream,Ketchup
Sugar,Almond Milk,Garlic,Coffee,Watermelon,Baking Soda,Chips,Tomato,Breadcrumbs,Salsa,Honeydew
Canned Tomatoes,Yogurt,Plums,Zucchini,Yogurt,Brown Sugar,Honeydew,Kale,Canned Beans,Cucumber,Broccoli
Carrot,nan,Frozen Shrimp,Carrot,nan,Crackers,Strawberries,nan,Cucumber,Pasta,nan
Yogurt,Spaghetti Sauce,Frozen Pizza,Pepper,Onion,Heavy Cream,Pancake Mix,Flax Seeds,Powdered Sugar,Cornstarch,Crackers
nan,Bread,Broccoli,Quinoa,Sugar,Breadcrumbs,Almond Milk,Eggs,Relish,Banana,Blueberries
Celery,Onion,Nuts,nan,nan,Frozen Dinners,Chicken,Frozen Fruits,nan,Fish,Frozen Dinners
Soy Sauce,nan,Banana,Lentils,Mangoes,Asparagus,Yeast,Lime,Butter,Whipped Cream,Juice
Canned Tomatoes,Peaches,Mushrooms,Bell Pepper,Blackberries,Whipped Cream,Barley,Canned Tomatoes,nan,Bread,Pasta
Frozen Fish,Yeast,Mushrooms,Cheese,Blackberries,Mangoes,Raspberries,Brown Sugar,nan,Banana,Bread
nan,nan,Lime,nan,Soy Sauce,Lemon,Brown Sugar,Milk,Peanut Butter,Brown Sugar,Cucumber
Barley,Cheese,nan,Honey,Cookies,nan,Butter,Whipped Cream,Cauliflower,Potato,Powdered Sugar
nan,Canned Beans,Whipped Cream,Frozen Dinners,Strawberries,Frozen Fish,Fish,Grapes,nan,Potato,nan
Cereal,Pasta,Chocolate,nan,Mushrooms,Flax Seeds,nan,Cauliflower,Spinach,Cottage Cheese,Kale
Beans,nan,Butter Milk,Soda,Plums,nan,Yeast,Olive Oil,Radishes,Pancake Mix,Powdered Sugar
nan,Cottage Cheese,Couscous,Spaghetti Sauce,Baking Powder,nan,Cereal,Vinegar,Peaches,Pickles,Banana
Soda,Pancake Mix,Jam,Flour,Chicken,Zucchini,Whipped Cream,Spaghetti Sauce,Chicken,Grapes,Honey
Frozen Fish,Quinoa,Flour,Cookies,Carrot,Cottage Cheese,Butter,Honeydew,Chili Pepper,Mushrooms,Spaghetti Sauce
Salt,nan,Frozen Fish,Mustard,Cornstarch,Zucchini,Heavy Cream,Soy Sauce,Bell Pepper,nan,Cucumber
Carrot,Beef,Cantaloupe,Sugar,Honeydew,Chips,Watermelon,Onion,Blackberries,Brussels Sprouts,Carrot
Cucumber,Lime,Pears,Nuts,Honey,Frozen Vegetables,Flour,Canned Soup,Soy Sauce,Powdered Sugar,Olive Oil
Peanut Butter,Farro,Beans,Farro,Frozen Vegetables,Brussels Sprouts,Butter Milk,Butter Milk,Mustard,Baking Powder,Zucchini
Pasta,Raspberries,Frozen Fruits,nan,Peaches,Chili Pepper,Nectarines,Vinegar,Cucumber,Couscous,Pickles
Tomato,Olive Oil,Half and Half,Peaches,Soy Sauce,nan,Cereal,Maple Syrup,Mangoes,nan,Soy Milk
Frozen Vegetables,nan,Cornstarch,Pancake Mix,Baking Powder,Plums,Canned Soup,Jam,Mangoes,Waffles,Canned Tuna
Couscous,Canned Tomatoes,Eggs,Jam,Soda,Mushrooms,Brussels Sprouts,Yogurt,Asparagus,Beef,Ice Cream
Chili Pepper,nan,nan,Pepper,Yogurt,Olive Oil,Honey,nan,Canned Tuna,Grapes,Blackberries
Apple,nan,Pancake Mix,nan,Lemon,Juice,Apple,Chia Seeds,Salsa,Barley,Chia Seeds
Flour,nan,Peaches,Juice,Couscous,Heavy Cream,Peas,Canned Tomatoes,nan,Baking Powder,Cereal
Soy Milk,Sour Cream,Chia Seeds,Carrot,Frozen Vegetables,Sour Cream,Vinegar,Sugar,Jam,Frozen Pizza,Flour
Cucumber,nan,nan,Chips,Canned Soup,Frozen Pizza,Tomato,Salsa,Jam,Nectarines,Milk
Farro,Chicken,Quinoa,Frozen Vegetables,Yogurt,Hot Sauce,Potato,Nuts,Cottage Cheese,Nuts,Frozen Vegetables
Flax Seeds,nan,Yogurt,Tea,Waffles,Water,nan,Zucchini,nan,Blackberries,Blueberries
Ice Cream,nan,Salt,Lemon,Flour,Orange,Fish,Relish,Frozen Dinners,Honeydew,Relish
Zucchini,Lettuce,Salsa,Chips,Water,Beef,nan,Honeydew,Corn,Canned Tomatoes,Strawberries
Canned Soup,nan,nan,Chips,Peanut Butter,Soy Sauce,Waffles,Mustard,Strawberries,Yogurt,Pepper
Cookies,nan,Cornstarch,Powdered Sugar,Radishes,Whipped Cream,Frozen Pizza,nan,nan,Broccoli,nan
Carrot,Lettuce,Peas,Bread,Frozen Fruits,Strawberries,Baking Powder,nan,Couscous,Brown Sugar,Heavy Cream
Frozen Fish,Sour Cream,Eggplant,nan,Quinoa,Salsa,nan,nan,Jam,Orange,Salsa
Jam,Waffles,Celery,Ketchup,Rice,Cereal,Chocolate,Bread,Eggs,Mustard,Flour
Yogurt,Mangoes,Cantaloupe,Pineapple,Pasta,Zucchini,Salt,Olive Oil,Fish,Frozen Fish,Frozen Vegetables
Soy Milk,Peaches,Whipped Cream,Chocolate,Hot Sauce,Avocado,Pickles,Canned Tomatoes,nan,nan,Quinoa
Ketchup,Grapes,Waffles,Frozen Fish,Lime,Onion,Blueberries,Bread,Strawberries,Honeydew,Soy Milk
Blueberries,Maple Syrup,Chia Seeds,Banana,Canned Soup,Water,Pasta,nan,Lentils,Zucchini,Chocolate
Frozen Pizza,Corn,Chili Pepper,nan,Oats,Avocado,Frozen Shrimp,Juice,Cornstarch,Baking Powder,Cottage Cheese
Frozen Shrimp,Blackberries,Heavy Cream,Tea,Frozen Vegetables,Frozen Shrimp,Baking Soda,Lentils,Barley,nan,Peaches
Plums,Banana,nan,Heavy Cream,Couscous,Ketchup,Brussels Sprouts,Lemon,Yogurt,Barley,Bell Pepper
Whipped Cream,Baking Powder,Vinegar,Relish,Relish,Chili Pepper,Flax Seeds,Oats,Chia Seeds,Carrot,Maple Syrup
Avocado,nan,Apple,Waffles,Relish,Carrot,Couscous,nan,nan,Lettuce,Water
Radishes,Juice,Chocolate,Mayonnaise,Soy Milk,Breadcrumbs,Chili Pepper,Beef,Olive Oil,Flax Seeds,Cheese
Tomato,nan,Nectarines,Mushrooms,Flour,Oats,Salsa,Spaghetti Sauce,Ketchup,Chia Seeds,Cheese
Juice,Nuts,Yeast,Mustard,Ketchup,Cereal,Maple Syrup,Frozen Fish,Soy Sauce,Pasta,Water
Canned Tomatoes,Ice Cream,Frozen Fruits,Ice Cream,Kale,nan,Baking Powder,Beef,Corn,Chia Seeds,Frozen Pizza
Salt,Crackers,nan,Canned Tuna,Onion,Green Beans,Apple,nan,Tea,Bell Pepper,Tomato
Water,Raspberries,Flour,Celery,Blackberries,Radishes,Beef,Crackers,Soy Milk,Juice,Potato
Banana,Cauliflower,nan,Beef,nan,Mayonnaise,Lettuce,Baking Soda,Cheese,Almond Milk,Pickles
Grapes,Crackers,Frozen Vegetables,Milk,Vinegar,Corn,Cucumber,Lettuce,Pepper,Lemon,Mustard
Canned Soup,Waffles,Green Beans,Honeydew,Broccoli,nan,Peaches,Cereal,Pasta,Frozen Fish,Barley
Heavy Cream,Corn,Banana,Pickles,Jam,Soy Milk,Flax Seeds,Honeydew,Chili Pepper,Canned Tomatoes,Frozen Fruits
Garlic,Chocolate,Lentils,Kale,nan,Honeydew,Maple Syrup,Spinach,Pasta,nan,Eggs
Ice Cream,Soy Milk,Baking Powder,nan,Pickles,Soda,Flax Seeds,nan,nan,Green Beans,Asparagus
Canned Beans,nan,Eggplant,nan,Bread,Tea,Waffles,Yogurt,Barley,Yogurt,Grapes
Beans,Chia Seeds,Rice,Chicken,Radishes,Maple Syrup,Brussels Sprouts,Barley,Pineapple,Rice,Breadcrumbs
Half and Half,nan,Vinegar,Pepper,Strawberries,Baking Powder,Mushrooms,Cornstarch,Pickles,Nuts,Kale
Yeast,Powdered Sugar,Almond Milk,Barley,Couscous,Spinach,Coffee,Fish,Heavy Cream,Half and Half,Cheese
Celery,nan,Bell Pepper,Lentils,Sugar,Watermelon,Cottage Cheese,Pepper,Chia Seeds,Lettuce,Mangoes
Pears,Orange,Cereal,Milk,Frozen Vegetables,Cauliflower,Tea,Cucumber,Corn,Dried Fruit,Dried Fruit
Onion,Avocado,Crackers,Kale,Pepper,Frozen Dinners,Pasta,Mangoes,Couscous,nan,Vinegar
Honeydew,Cucumber,nan,Farro,Soy Milk,Lemon,Canned Tuna,Baking Soda,Blueberries,Soy Sauce,Eggs
Celery,Waffles,Waffles,Honeydew,Eggplant,Ketchup,Spinach,Frozen Dinners,Frozen Fish,Tomato,Pineapple
Apple,Cereal,Maple Syrup,Lettuce,Mushrooms,Spinach,Grapes,Powdered Sugar,nan,Dried Fruit,Mushrooms
Plums,Relish,Soy Milk,Watermelon,Olive Oil,Cheese,Crackers,Blueberries,Relish,nan,Honey
Nuts,Farro,Raspberries,Ice Cream,Pears,Tomato,Chocolate,Frozen Dinners,Soy Milk,Potato,Dried Fruit
Brussels Sprouts,Whipped Cream,Green Beans,Milk,Maple Syrup,Tea,Pineapple,Flour,Baking Powder,Apple,Grapes
Asparagus,nan,Eggs,nan,Cauliflower,Zucchini,Butter,Chicken,Fish,Radishes,Chicken
Peaches,Bell Pepper,Canned Beans,Radishes,Cornstarch,Butter Milk,Beef,Powdered Sugar,Apple,Frozen Vegetables,Brown Sugar
Milk,Beans,nan,nan,nan,Spinach,Lemon,Juice,Cheese,Broccoli,Plums
Strawberries,Green Beans,Lentils,Rice,Cheese,Garlic,Canned Beans,Bell Pepper,nan,Watermelon,Jam
Pickles,nan,nan,Bread,nan,Cottage Cheese,Fish,Rice,Whipped Cream,Milk,Tomato
Salt,Raspberries,Apple,nan,Honeydew,Soy Sauce,Soy Milk,nan,Frozen Fruits,Jam,Water
Pancake Mix,Potato,nan,Zucchini,Honeydew,Plums,Peas,Cucumber,Frozen Pizza,Chicken,Couscous
Apple,Watermelon,Chia Seeds,Apple,Frozen Dinners,Cornstarch,Blackberries,nan,nan,Broccoli,Mangoes
Blueberries,Milk,Whipped Cream,Tomato,Pasta,Sour Cream,Green Beans,Juice,Watermelon,Dried Fruit,nan
Ice Cream,Raspberries,Yeast,Quinoa,Zucchini,Frozen Pizza,Blackberries,Milk,Banana,nan,Olive Oil
Blueberries,Honey,Tomato,Canned Tuna,nan,Butter Milk,Butter Milk,Frozen Vegetables,Mushrooms,Pasta,Lime
Nectarines,Green Beans,Peaches,Cereal,nan,Brown Sugar,nan,Apple,Farro,Peaches,Watermelon
nan,Frozen Dinners,Celery,Carrot,Plums,Mangoes,Frozen Dinners,Farro,Sour Cream,Yogurt,Eggs
Corn,Soda,Chips,Maple Syrup,Coconut Milk,Lime,Peas,Sour Cream,Milk,Canned Tomatoes,Spaghetti Sauce
nan,Mangoes,Ketchup,Cauliflower,Crackers,Canned Tomatoes,Lettuce,Baking Powder,Heavy Cream,Nectarines,Pickles
Corn,Flax Seeds,Yogurt,Cookies,Pasta,nan,Zucchini,Peas,Juice,Milk,Baking Powder
nan,Carrot,Heavy Cream,Brussels Sprouts,Carrot,Soy Milk,Peas,Baking Powder,Bell Pepper,Canned Tuna,Farro
Apple,Pasta,Honeydew,Heavy Cream,Coconut Milk,Whipped Cream,Mayonnaise,Milk,Cereal,Radishes,Cauliflower
Pickles,Blueberries,Nuts,Chocolate,Jam,Farro,Cauliflower,nan,Chia Seeds,Whipped Cream,nan
nan,Lettuce,Ketchup,Chicken,Pineapple,Water,nan,Jam,Cauliflower,Brown Sugar,Whipped Cream
nan,Ice Cream,Frozen Vegetables,Cauliflower,Pancake Mix,Strawberries,nan,Flax Seeds,Fish,Kale,Cottage Cheese
nan,Dried Fruit,Baking Powder,nan,Chili Pepper,Cheese,Flour,Chicken,Pepper,Carrot,Green Beans
Ketchup,Ketchup,Cottage Cheese,Strawberries,Ketchup,Cookies,Blueberries,Strawberries,Hot Sauce,Milk,Farro
Yeast,Watermelon,Corn,Couscous,Relish,Coconut Milk,nan,nan,Watermelon,Soda,Pancake Mix
Garlic,Couscous,Apple,nan,Orange,Raspberries,Pineapple,nan,Dried Fruit,Ketchup,Chocolate
Nectarines,Couscous,Watermelon,Tea,Cornstarch,Potato,Celery,Lime,Heavy Cream,Sugar,Mushrooms
Raspberries,Beef,Mayonnaise,nan,nan,Mustard,Flax Seeds,Breadcrumbs,Cheese,Chili Pepper,Onion
nan,Apple,Kale,Chicken,Spaghetti Sauce,Canned Soup,Frozen Pizza,Lentils,nan,Butter Milk,Peas
Raspberries,Honey,nan,Tomato,Soy Sauce,Frozen Dinners,Butter,Mushrooms,Powdered Sugar,Quinoa,Cantaloupe
Plums,Whipped Cream,Pasta,Peaches,Frozen Dinners,Plums,Chips,Pepper,Cheese,Oats,Kale
Quinoa,Honeydew,Mushrooms,Garlic,Grapes,Frozen Fruits,Ketchup,Mushrooms,Dried Fruit,nan,Cereal
Cheese,nan,Juice,Tomato,Lemon,Tea,Coconut Milk,Dried Fruit,Baking Soda,Green Beans,nan
nan,Grapes,Beans,Butter,nan,Couscous,Potato,Breadcrumbs,Lemon,Frozen Dinners,Half and Half
Rice,Couscous,Eggplant,Eggplant,Lemon,nan,Jam,nan,Bread,Apple,Oats
Blackberries,Pepper,Lime,Soy Sauce,Honey,Green Beans,Frozen Vegetables,Baking Soda,Soda,Farro,Chicken
nan,Butter,Chicken,Almond Milk,Soy Milk,Ice Cream,nan,nan,Honey,Frozen Dinners,Maple Syrup
Banana,nan,Frozen Fruits,Broccoli,Corn,Heavy Cream,Eggplant,Bell Pepper,Mayonnaise,Corn,Lettuce
Chia Seeds,nan,Frozen Pizza,Honeydew,Blackberries,Waffles,Lentils,Soda,Green Beans,Frozen Fruits,Juice
Almond Milk,Bread,nan,Fish,Celery,Tomato,Zucchini,Asparagus,Jam,Pears,Brussels Sprouts
Jam,Cheese,Cucumber,Yogurt,nan,Barley,Lemon,Mushrooms,Spaghetti Sauce,Breadcrumbs,Soy Milk
nan,Half and Half,Farro,nan,Salsa,Lime,Juice,Potato,Hot Sauce,Coffee,Oats
Mustard,Lettuce,Avocado,Mustard,Peas,Avocado,Mangoes,Brown Sugar,Cantaloupe,Mustard,Chips
Pancake Mix,Banana,Nectarines,Flax Seeds,Hot Sauce,nan,nan,Mustard,nan,Relish,Cheese
nan,Dried Fruit,Chia Seeds,Soy Milk,Breadcrumbs,Orange,Coconut Milk,Ketchup,Ice Cream,nan,Blueberries
Lettuce,Blueberries,Salsa,Green Beans,Baking Soda,Yogurt,Olive Oil,nan,Mustard,Mangoes,nan
Corn,Frozen Vegetables,Ice Cream,nan,Soy Milk,Baking Soda,Farro,Eggplant,Crackers,Flax Seeds,Coffee
Mayonnaise,Relish,Cornstarch,Plums,Bread,Butter,Avocado,Frozen Fish,Lettuce,Bell Pepper,Avocado
Chicken,Lentils,Eggplant,Asparagus,Frozen Fruits,Green Beans,Corn,Almond Milk,Beans,Couscous,Rice
Nectarines,Fish,Pancake Mix,Lemon,Honeydew,Coffee,nan,nan,Salt,Chips,nan
nan,Baking Powder,Cucumber,Spaghetti Sauce,Cookies,Baking Powder,Canned Tomatoes,Breadcrumbs,Half and Half,nan,Beans
Olive Oil,Pepper,Pancake Mix,Frozen Pizza,Baking Soda,Sour Cream,Waffles,Raspberries,Bell Pepper,Radishes,Pasta
Cantaloupe,Mushrooms,Water,Frozen Dinners,Raspberries,Butter,Pears,Watermelon,Celery,Canned Tuna,Potato
Canned Soup,Butter,Whipped Cream,Mustard,Ketchup,Chocolate,Lemon,Cereal,Peanut Butter,Peaches,Milk
Frozen Vegetables,Heavy Cream,Cauliflower,Jam,Couscous,Baking Soda,Eggs,Chocolate,Cereal,Cheese,Chocolate
Broccoli,Heavy Cream,Coffee,nan,nan,Canned Beans,Cucumber,nan,Zucchini,Sour Cream,Potato
Banana,Pineapple,Sour Cream,Fish,Avocado,Pancake Mix,Beef,Breadcrumbs,Chocolate,Oats,Relish
Baking Soda,Lentils,Tomato,Soy Milk,Spinach,Salt,Plums,Bread,Avocado,Peas,Lentils
Frozen Shrimp,Canned Beans,Grapes,Sugar,Juice,Blackberries,Jam,Kale,Jam,Peaches,Plums
Hot Sauce,Lime,Green Beans,nan,nan,Watermelon,Chili Pepper,Kale,nan,Honey,Pickles
Nectarines,Spinach,Peas,Heavy Cream,Jam,Watermelon,Honeydew,Chia Seeds,Lentils,Cookies,Soy Sauce
Potato,Cheese,Lentils,Salsa,Sugar,Jam,Canned Tomatoes,Butter,Frozen Pizza,Couscous,Cereal
Potato,Canned Beans,Carrot,Quinoa,Zucchini,Juice,Oats,Almond Milk,Pickles,Frozen Fruits,Dried Fruit
Canned Tomatoes,Salsa,Honey,Oats,Jam,Chocolate,Beans,Nuts,Chia Seeds,Mangoes,Butter
Frozen Fruits,Carrot,nan,Olive Oil,Frozen Pizza,Coffee,Flax Seeds,Vinegar,nan,Crackers,Hot Sauce
Blackberries,Coconut Milk,Pasta,Garlic,Sugar,Farro,Banana,nan,Butter,Hot Sauce,nan
Crackers,Peanut Butter,Garlic,Frozen Fruits,Canned Tuna,Tea,Flour,Canned Tomatoes,Grapes,Flour,Blackberries
Mushrooms,Yeast,Eggplant,Tea,nan,Cucumber,Heavy Cream,nan,Peanut Butter,Sugar,Canned Tuna
Asparagus,Fish,Peaches,Farro,Lettuce,Sour Cream,Cornstarch,Pickles,nan,Soy Milk,Yogurt
Pancake Mix,nan,Juice,Chicken,Mushrooms,Canned Tuna,Frozen Fish,Baking Powder,Water,Canned Soup,Mustard
Orange,Canned Tuna,nan,Butter,Mangoes,Apple,Mustard,Avocado,Banana,Broccoli,Bread
Mushrooms,Soy Milk,Salt,Frozen Dinners,nan,Broccoli,Blueberries,Nectarines,Chili Pepper,nan,nan
Blueberries,Fish,Jam,Garlic,Cornstarch,Baking Powder,Flax Seeds,Nectarines,Frozen Shrimp,nan,Ketchup
Ice Cream,Chocolate,Strawberries,Yogurt,Rice,Jam,Soda,Frozen Pizza,Onion,Kale,nan
Garlic,Watermelon,Blackberries,Chocolate,nan,Oats,Asparagus,Avocado,Dried Fruit,Cauliflower,Brown Sugar
Milk,Cookies,Honey,Onion,nan,Raspberries,Nuts,Nuts,Jam,Brussels Sprouts,Chicken
Cereal,Powdered Sugar,Pickles,Watermelon,Watermelon,Frozen Pizza,Tea,Bell Pepper,Lime,Ice Cream,Farro
Butter Milk,Celery,Yeast,Jam,Cookies,Kale,Nectarines,Spinach,Potato,Salt,Pepper
Frozen Pizza,Butter,Honeydew,Zucchini,Barley,Frozen Vegetables,Cookies,Canned Tomatoes,Heavy Cream,Dried Fruit,Brussels Sprouts
Honey,Butter Milk,Couscous,Salt,nan,Rice,Water,Broccoli,Oats,Chicken,nan
Nectarines,Quinoa,Canned Tuna,nan,Spaghetti Sauce,Peanut Butter,Celery,Onion,Brussels Sprouts,Mangoes,Pineapple
Zucchini,Soda,Zucchini,Vinegar,Mayonnaise,Brussels Sprouts,nan,Nectarines,Cucumber,Strawberries,Ice Cream
nan,Jam,Heavy Cream,Spinach,Lentils,Canned Tomatoes,Asparagus,Chocolate,Relish,Soda,Mushrooms
nan,Onion,Cauliflower,Baking Powder,Canned Beans,Couscous,Frozen Pizza,Ketchup,Raspberries,Milk,nan
Maple Syrup,Vinegar,Soy Sauce,nan,Banana,Peaches,Onion,Pineapple,nan,Plums,Soy Sauce
Broccoli,Pickles,Celery,Carrot,Green Beans,Lettuce,Barley,Avocado,Lentils,Onion,Honey
Beef,Nectarines,Heavy Cream,Canned Soup,nan,Mustard,Pancake Mix,Beef,Canned Beans,Radishes,Water
Apple,Lentils,nan,Broccoli,Plums,Carrot,Soda,Cantaloupe,Breadcrumbs,nan,Raspberries
Heavy Cream,Relish,Butter,Celery,Barley,Bell Pepper,nan,Brussels Sprouts,Pepper,nan,Salsa
Potato,Mangoes,Chocolate,Cornstarch,Butter Milk,Green Beans,Baking Soda,Spinach,Honey,Butter,Green Beans
Chia Seeds,nan,Juice,Juice,Mangoes,Chips,nan,Canned Tomatoes,Spaghetti Sauce,Mustard,Orange
Frozen Fruits,Frozen Fruits,Pancake Mix,Pancake Mix,Coconut Milk,Orange,Water,Mustard,Pepper,Bell Pepper,Bread
nan,Butter Milk,Canned Soup,Cornstarch,nan,Eggs,Mushrooms,Baking Soda,Mangoes,Barley,Frozen Vegetables
Nectarines,Ketchup,Frozen Pizza,Baking Soda,Whipped Cream,Almond Milk,Cereal,nan,Tomato,Apple,Tomato
Cereal,Soy Milk,Mangoes,Mustard,Peaches,Oats,Lemon,Pasta,Plums,Onion,Apple
Frozen Vegetables,Relish,Jam,Coffee,Lettuce,Flour,Waffles,Mushrooms,nan,Half and Half,Yogurt
nan,Tea,Sugar,Frozen Vegetables,Cauliflower,Garlic,Onion,Celery,Peaches,Orange,nan
Avocado,Maple Syrup,Oats,Honey,Dried Fruit,Tea,nan,Cottage Cheese,nan,nan,Strawberries
Canned Tomatoes,Mangoes,Frozen Fish,nan,nan,Chocolate,Bell Pepper,Powdered Sugar,Butter,Brown Sugar,Cornstarch
Relish,Orange,nan,Chili Pepper,Green Beans,Beans,Vinegar,Salt,Plums,Cucumber,Raspberries
Honeydew,Coconut Milk,Orange,Grapes,nan,Pepper,Juice,Ice Cream,Frozen Shrimp,Nuts,Ketchup
Frozen Pizza,Tea,Cookies,Rice,nan,nan,Cheese,Peas,Bell Pepper,Heavy Cream,Apple
Asparagus,Vinegar,Bread,nan,Pears,Asparagus,Couscous,Pepper,Yeast,Flax Seeds,Corn
Barley,Coconut Milk,Frozen Shrimp,Couscous,Salsa,Celery,Peas,Lime,Bread,Relish,Canned Tuna
Coconut Milk,Brown Sugar,Nuts,Relish,Breadcrumbs,Avocado,Flour,Canned Tuna,nan,Peaches,Cantaloupe
Canned Beans,Eggs,Avocado,Jam,Salt,Spaghetti Sauce,nan,Nectarines,Soy Sauce,Baking Soda,Blackberries
Juice,Mustard,Brown Sugar,Lime,nan,Green Beans,nan,Pears,Maple Syrup,nan,Coconut Milk
Blueberries,Lime,Apple,Chicken,Brussels Sprouts,Bread,Brussels Sprouts,Chicken,Radishes,Ice Cream,Butter
Pepper,Asparagus,Bread,Soy Sauce,Sour Cream,Canned Tomatoes,Apple,Frozen Shrimp,nan,Quinoa,Cottage Cheese
Milk,Pickles,Potato,Blackberries,Frozen Pizza,Watermelon,Spinach,Cheese,Cookies,Crackers,Spinach
Mangoes,Peanut Butter,Quinoa,Yogurt,Cornstarch,Strawberries,Oats,Baking Soda,Barley,Cantaloupe,Quinoa
Pineapple,Lemon,Bread,Peas,Brussels Sprouts,Vinegar,Kale,Tomato,nan,nan,Butter
Coconut Milk,Farro,Couscous,Potato,Beef,Tea,Salt,Mayonnaise,Mushrooms,Green Beans,Banana
Bread,Apple,Breadcrumbs,Oats,Carrot,Avocado,Maple Syrup,Frozen Fish,Zucchini,Cantaloupe,Pancake Mix
Powdered Sugar,nan,Broccoli,Oats,Baking Soda,Couscous,nan,Water,Zucchini,Pears,Pineapple
nan,Radishes,Grapes,nan,Frozen Dinners,Yogurt,nan,Pineapple,Chocolate,Tea,nan
Chips,Ketchup,Beans,Plums,Yeast,nan,nan,Strawberries,Cereal,Honey,Cheese
Pasta,Zucchini,Barley,Potato,Baking Soda,nan,Peaches,Yeast,Chicken,Farro,nan
Lemon,nan,Peaches,Apple,Powdered Sugar,Spinach,Olive Oil,Kale,Frozen Pizza,Chili Pepper,Potato
Soy Milk,Ice Cream,nan,Green Beans,Butter Milk,Frozen Fish,Pickles,Milk,nan,nan,Beans
Pepper,Avocado,nan,Bell Pepper,Mangoes,Lentils,nan,Cereal,Sour Cream,Grapes,nan
Frozen Fish,Pancake Mix,nan,Flax Seeds,Honeydew,Chocolate,Honeydew,Whipped Cream,Ice Cream,nan,Canned Tomatoes
Coconut Milk,nan,Frozen Fruits,nan,Frozen Shrimp,Grapes,Pancake Mix,Zucchini,Vinegar,Cornstarch,Avocado
Avocado,Pepper,Soy Milk,nan,Couscous,Honeydew,nan,Zucchini,Raspberries,Corn,Cottage Cheese
Coffee,Butter Milk,Juice,nan,Ice Cream,Coconut Milk,Nectarines,Sugar,Nectarines,Cereal,Eggplant
Breadcrumbs,Canned Tomatoes,Mangoes,Beef,Canned Soup,Cookies,Flour,Sour Cream,Eggs,nan,nan
Farro,Ice Cream,Zucchini,Mustard,Cornstarch,Beans,Nectarines,nan,Chocolate,Relish,Ketchup
Olive Oil,Mangoes,Baking Soda,Orange,Pineapple,Mangoes,nan,Peas,Watermelon,nan,Barley
Eggplant,Chicken,Cantaloupe,Crackers,Peaches,Beef,Lime,Lentils,Sugar,Celery,Raspberries
Sour Cream,Milk,nan,Peas,Heavy Cream,Frozen Dinners,Juice,Tea,Onion,Barley,nan
Chicken,Rice,Almond Milk,Maple Syrup,Grapes,Peanut Butter,Canned Soup,Watermelon,Flour,Frozen Fish,Lemon
Lime,Broccoli,nan,Vinegar,Olive Oil,Jam,Pepper,Apple,Soy Sauce,Salt,Yeast
Onion,Mushrooms,nan,Broccoli,Sour Cream,Carrot,Ketchup,nan,Canned Soup,Tomato,Honey
Olive Oil,Mushrooms,Cottage Cheese,Cucumber,Pineapple,nan,Chips,Juice,Whipped Cream,Grapes,Salsa
Mangoes,Avocado,Yeast,nan,nan,nan,Zucchini,Cantaloupe,Chips,Cereal,Ketchup
Cantaloupe,nan,Plums,Almond Milk,Butter,Plums,Pepper,nan,Kale,Barley,Soy Milk
Brussels Sprouts,Orange,Kale,Salsa,Nuts,Salsa,Watermelon,Apple,Plums,Coconut Milk,Apple
Tomato,Barley,Spinach,Pepper,Peas,Frozen Fish,Milk,Cottage Cheese,nan,Coconut Milk,Chili Pepper
Rice,Yeast,Water,Eggs,Baking Powder,nan,Bread,Eggs,Watermelon,nan,Bread
Heavy Cream,Broccoli,nan,nan,Orange,Chocolate,Carrot,nan,Frozen Fruits,Raspberries,Vinegar
Chia Seeds,Garlic,Frozen Fruits,Chocolate,Cottage Cheese,nan,Tomato,Lettuce,Cantaloupe,Juice,Radishes
Maple Syrup,Cauliflower,Nectarines,Flour,Honey,Chips,Lettuce,Pancake Mix,Half and Half,Couscous,Strawberries
Corn,Couscous,Asparagus,Olive Oil,Mayonnaise,nan,nan,nan,Canned Beans,Brown Sugar,Powdered Sugar
nan,Cottage Cheese,Water,Eggs,Tea,Whipped Cream,Apple,Coffee,nan,Butter,Crackers
nan,Vinegar,Juice,Ice Cream,Oats,Apple,Canned Soup,Oats,Water,Dried Fruit,Cheese
Olive Oil,Apple,Honeydew,nan,Blueberries,Peas,Yeast,Pineapple,Garlic,Ice Cream,Frozen Dinners
Bread,Sour Cream,Potato,nan,Frozen Vegetables,Soy Sauce,Peaches,Sugar,nan,Peanut Butter,Milk
Strawberries,Potato,Barley,Plums,Tomato,Jam,Bell Pepper,Frozen Fish,Eggplant,Coffee,Canned Tuna
Pears,Oats,Cantaloupe,Relish,Jam,Brussels Sprouts,Pancake Mix,Yogurt,Mushrooms,Hot Sauce,Chia Seeds
Cottage Cheese,nan,Eggs,Frozen Fish,Asparagus,Coconut Milk,Cookies,Cauliflower,Peaches,Carrot,Pasta
Dried Fruit,Jam,Broccoli,Yogurt,Cereal,Powdered Sugar,nan,Cauliflower,Mushrooms,Dried Fruit,Farro
Crackers,Almond Milk,Pineapple,Canned Tuna,Flour,Jam,nan,Fish,Frozen Pizza,Pickles,Bread
Mayonnaise,nan,Broccoli,Broccoli,Whipped Cream,Crackers,Garlic,Chocolate,Strawberries,Dried Fruit,Garlic
Baking Soda,nan,Bell Pepper,Chia Seeds,Potato,Fish,Butter,Broccoli,Frozen Pizza,nan,Spinach
Blackberries,Heavy Cream,Pineapple,Cottage Cheese,Dried Fruit,Soda,Lettuce,Frozen Pizza,Beans,Blackberries,Sugar
nan,Baking Soda,Frozen Shrimp,Cheese,Blackberries,Lentils,Almond Milk,Pancake Mix,Carrot,Ice Cream,Cucumber
Ice Cream,Peas,nan,Avocado,Green Beans,Lettuce,Canned Soup,Soy Sauce,Barley,Frozen Fish,Baking Soda
Fish,Cornstarch,nan,Cantaloupe,Mangoes,Bell Pepper,Corn,Banana,Powdered Sugar,Peas,Spinach
Frozen Shrimp,nan,Chocolate,Carrot,Canned Soup,Brussels Sprouts,Frozen Pizza,Couscous,Vinegar,Cantaloupe,Yogurt
Tomato,Butter Milk,Yeast,nan,Whipped Cream,Frozen Dinners,Corn,Oats,Radishes,Nectarines,Cauliflower
nan,Frozen Fish,Ketchup,Juice,Cereal,Honey,Peaches,Honeydew,Quinoa,Spinach,Honeydew
Heavy Cream,Cereal,Orange,Crackers,Frozen Pizza,Eggplant,Honeydew,Mustard,Lentils,Green Beans,Canned Tuna
Watermelon,Broccoli,Farro,Eggplant,Vinegar,Onion,Cookies,Barley,Asparagus,Chia Seeds,Soda
Blueberries,Brown Sugar,Coconut Milk,Cookies,Vinegar,nan,Raspberries,nan,Zucchini,Hot Sauce,Celery
Raspberries,Eggplant,nan,Mustard,Dried Fruit,Garlic,Canned Tuna,Peaches,Waffles,Yogurt,nan
Green Beans,Apple,Orange,Frozen Vegetables,Sugar,nan,nan,nan,Spaghetti Sauce,nan,Banana
Fish,nan,Plums,Waffles,Sugar,Couscous,Avocado,Banana,Ketchup,nan,nan
Peas,Salsa,Blueberries,Sour Cream,Corn,Frozen Vegetables,Fish,Orange,Cheese,Watermelon,nan
nan,nan,Hot Sauce,Chili Pepper,Mangoes,Tea,nan,Relish,Baking Soda,Heavy Cream,nan
Cookies,Waffles,Brussels Sprouts,nan,Potato,Spinach,Water,Ketchup,Zucchini,Oats,Pancake Mix
Tea,nan,Cheese,Cornstarch,Apple,Mayonnaise,Frozen Dinners,Cantaloupe,Orange,nan,Pasta
Orange,Baking Soda,Cereal,Honey,Barley,Plums,Mangoes,nan,Baking Powder,Potato,Asparagus
Onion,Powdered Sugar,Pasta,Peas,Mushrooms,Almond Milk,Cheese,Hot Sauce,Frozen Pizza,Beef,Olive Oil
Peas,Salt,Butter,Pancake Mix,Peanut Butter,Frozen Shrimp,Soy Sauce,Pepper,Bell Pepper,nan,Cottage Cheese
Bell Pepper,Frozen Vegetables,Chili Pepper,Apple,Mayonnaise,Soda,nan,Apple,Lettuce,Ketchup,Milk
Mangoes,Lemon,Flax Seeds,nan,Crackers,Peaches,Honeydew,Yeast,Avocado,Breadcrumbs,Farro
nan,Canned Tomatoes,Frozen Fruits,Frozen Fish,Cauliflower,Grapes,Cereal,Mustard,Pasta,Honey,Half and Half
Honeydew,Grapes,Vinegar,Powdered Sugar,Radishes,Flour,Butter,Half and Half,Quinoa,Ice Cream,Green Beans
Soda,Juice,Sugar,Ice Cream,Lemon,Waffles,Fish,Nuts,Mayonnaise,Green Beans,Cheese
Honey,Asparagus,Garlic,Water,Lemon,Cottage Cheese,Sugar,Baking Soda,Honey,nan,Frozen Dinners
Jam,Sugar,Half and Half,Hot Sauce,Salsa,Tomato,Mustard,Milk,Breadcrumbs,Juice,Cucumber
Canned Soup,Kale,nan,Canned Tomatoes,Relish,Apple,Baking Soda,Dried Fruit,nan,Green Beans,Garlic
Eggs,Green Beans,Sugar,Olive Oil,Apple,nan,Baking Soda,Pancake Mix,Eggplant,Nectarines,Potato
Salsa,Breadcrumbs,Frozen Shrimp,Lettuce,Corn,Hot Sauce,Salsa,Water,Frozen Pizza,Spaghetti Sauce,Carrot
Milk,Coconut Milk,nan,Frozen Fish,Cauliflower,nan,Sugar,Bread,Relish,Grapes,Potato
Vinegar,nan,Rice,Corn,Almond Milk,Sugar,Spaghetti Sauce,Lime,Salsa,Blackberries,Cheese
Soda,Nuts,Mayonnaise,Asparagus,Pepper,Soda,Frozen Dinners,Quinoa,Honeydew,Frozen Dinners,Lime
Beans,Zucchini,Lemon,Pineapple,Nectarines,Lemon,Zucchini,Flax Seeds,Soda,Whipped Cream,Raspberries
Peas,Sugar,Coffee,Pasta,Butter,Chicken,Garlic,Chia Seeds,Lime,nan,Lemon
Yeast,Mangoes,Sugar,Mustard,Cottage Cheese,Chocolate,Blueberries,Eggplant,Mushrooms,Oats,Barley
Frozen Vegetables,Brown Sugar,Bread,Milk,Celery,Chia Seeds,Vinegar,Cookies,Cereal,Baking Powder,Cookies
Heavy Cream,Canned Tuna,Raspberries,Kale,Frozen Vegetables,Grapes,Zucchini,Spinach,Baking Powder,Apple,Frozen Pizza
Sugar,Breadcrumbs,Broccoli,Pasta,Cantaloupe,Blueberries,Chocolate,Baking Powder,Whipped Cream,nan,Tomato
Cornstarch,nan,nan,Ice Cream,Pineapple,Jam,Garlic,Canned Tomatoes,Heavy Cream,Broccoli,nan
Waffles,Frozen Fruits,Carrot,Baking Soda,Pickles,Water,Barley,nan,Spaghetti Sauce,Spinach,Potato
Chicken,Butter Milk,Frozen Fish,Sour Cream,Bread,Coconut Milk,nan,Almond Milk,Quinoa,Almond Milk,nan
Frozen Fish,Cheese,Cucumber,Water,Spaghetti Sauce,Cauliflower,Apple,Banana,nan,Radishes,Juice
Butter,Grapes,Asparagus,nan,Baking Soda,Canned Tuna,Eggs,Milk,Mayonnaise,Soy Sauce,Lentils
Corn,Breadcrumbs,Half and Half,nan,Radishes,nan,Half and Half,Honeydew,Brown Sugar,Hot Sauce,Canned Tomatoes
Salsa,Barley,Tea,Apple,Frozen Dinners,Baking Powder,Nuts,Honey,nan,Maple Syrup,Peaches
Onion,Bell Pepper,Lime,Pickles,Dried Fruit,Tea,nan,Bread,Cheese,Eggplant,Soy Milk
Banana,Hot Sauce,nan,Tea,Farro,Sour Cream,Eggplant,Flax Seeds,Plums,Maple Syrup,Tea
Brown Sugar,Chili Pepper,Banana,Chips,Salt,Brown Sugar,Juice,Onion,Asparagus,Avocado,Maple Syrup
Canned Soup,Tomato,nan,Mustard,Green Beans,Frozen Fruits,Canned Soup,Baking Soda,Hot Sauce,Orange,Broccoli
Apple,Milk,Chia Seeds,Canned Soup,Potato,Barley,Eggplant,Canned Beans,Lime,Fish,Waffles
Rice,Canned Soup,Chips,Water,Flour,Brussels Sprouts,Coffee,Watermelon,Spaghetti Sauce,Crackers,Yeast
Blueberries,Kale,Pepper,Juice,Cornstarch,Peaches,Cottage Cheese,Cookies,Cottage Cheese,Bell Pepper,Peanut Butter
Mangoes,Eggplant,Coffee,Frozen Vegetables,Lentils,Chili Pepper,Ice Cream,Pasta,Whipped Cream,Plums,Peas
Coconut Milk,Juice,Chicken,Cereal,nan,Sour Cream,Flour,Frozen Pizza,Canned Tuna,Cantaloupe,Cheese
Canned Tomatoes,Frozen Vegetables,Strawberries,Yogurt,Garlic,Cookies,Canned Soup,Juice,nan,Cucumber,Crackers
Pasta,Lemon,Honey,Pepper,Quinoa,Frozen Shrimp,Pasta,nan,Carrot,Soy Sauce,Peas
Lime,Barley,nan,Yogurt,Jam,nan,Breadcrumbs,Coconut Milk,Potato,Frozen Fish,Celery
Canned Soup,Frozen Shrimp,Cornstarch,Yogurt,Cauliflower,Raspberries,Bread,Heavy Cream,Cauliflower,Kale,Waffles
nan,Plums,Salt,Plums,Cornstarch,Corn,Peanut Butter,Frozen Fruits,Eggs,Crackers,Nectarines
Salt,Whipped Cream,Juice,nan,Olive Oil,Pasta,Bread,Frozen Shrimp,Powdered Sugar,Breadcrumbs,Cantaloupe
Tomato,Cornstarch,nan,Cantaloupe,Tea,Salt,Flax Seeds,Canned Tuna,Frozen Pizza,Green Beans,Salt
Powdered Sugar,nan,nan,Nectarines,Barley,Beans,Soda,Corn,Canned Soup,Mayonnaise,Yeast
Tomato,Lime,Strawberries,Peas,Farro,nan,Tomato,Butter,Farro,Oats,Canned Tomatoes
Frozen Dinners,Pasta,Honeydew,nan,Bell Pepper,Celery,Baking Soda,Nuts,Canned Tuna,Asparagus,Green Beans
Tomato,Butter,Blackberries,nan,Broccoli,nan,Baking Powder,Baking Powder,Lemon,Frozen Pizza,Jam
Soy Milk,nan,Grapes,Frozen Fruits,Frozen Fruits,Lentils,Almond Milk,Almond Milk,Peaches,Potato,Ketchup
Nectarines,Mangoes,Corn,Cottage Cheese,Mayonnaise,Frozen Fruits,nan,Mushrooms,nan,Frozen Fruits,Hot Sauce
Beans,Mustard,Cantaloupe,nan,Relish,nan,Pancake Mix,Heavy Cream,Milk,Strawberries,Chicken
Canned Tomatoes,Lentils,Chocolate,Vinegar,Flour,Milk,Banana,Peas,Chicken,Zucchini,Asparagus
Olive Oil,Sour Cream,Chia Seeds,Pepper,Raspberries,Mushrooms,Farro,Celery,nan,Potato,Eggplant
Mangoes,Grapes,Broccoli,Nectarines,Banana,Frozen Shrimp,Frozen Fruits,Watermelon,Corn,Canned Soup,Yeast
nan,Pineapple,Butter,Rice,Butter,Cheese,nan,Raspberries,Eggplant,Frozen Fruits,Cereal
Plums,Grapes,Baking Soda,Blueberries,Honeydew,Tea,nan,Peas,Orange,Asparagus,Carrot
Pears,nan,Chips,Nuts,Yogurt,Radishes,Rice,Celery,Zucchini,Yeast,Eggplant
Salsa,Eggplant,Yeast,Peanut Butter,Blueberries,Zucchini,Raspberries,Relish,Kale,nan,Nuts
nan,Barley,Lime,Honey,Beans,Raspberries,Cucumber,nan,Breadcrumbs,Pineapple,nan
Pepper,nan,Butter,Cucumber,Honey,Grapes,Cheese,Blackberries,Heavy Cream,Vinegar,nan
Milk,nan,Orange,Raspberries,Maple Syrup,Quinoa,Cookies,Zucchini,Mustard,Juice,Waffles
Baking Powder,Barley,Mayonnaise,Broccoli,Peaches,Oats,Eggplant,Peaches,Frozen Dinners,Banana,Kale
Banana,Orange,Crackers,Avocado,nan,Chicken,Honey,Yogurt,Waffles,Cottage Cheese,Honeydew
Cereal,Tea,Pickles,Yogurt,Frozen Pizza,Watermelon,Water,Cauliflower,Eggplant,nan,Eggs
Frozen Vegetables,Baking Powder,Blackberries,Spinach,Asparagus,Cauliflower,Corn,Peas,Fish,nan,Beef
Mayonnaise,Mustard,Cheese,Flax Seeds,Cottage Cheese,Lime,Cauliflower,Apple,Olive Oil,Barley,Peaches
Spinach,Kale,Frozen Vegetables,Cucumber,Chia Seeds,Blackberries,Quinoa,Raspberries,nan,Frozen Vegetables,Vinegar
Frozen Dinners,Eggs,Coconut Milk,Frozen Vegetables,Dried Fruit,Lime,Baking Soda,Salsa,Sour Cream,Avocado,Pasta
Canned Tomatoes,Zucchini,Cheese,Banana,Vinegar,Blackberries,Eggs,Mushrooms,Frozen Dinners,Kale,Dried Fruit
Nectarines,Mustard,Nuts,Lentils,Apple,Pasta,Frozen Shrimp,Corn,Lime,Bell Pepper,Water
Canned Soup,Lemon,Tomato,nan,Avocado,Sugar,Frozen Vegetables,Mushrooms,Frozen Pizza,Juice,Salt
Coffee,Whipped Cream,Green Beans,Mustard,Barley,nan,Cornstarch,Waffles,Cereal,Butter,nan
Farro,Spaghetti Sauce,nan,Lime,Juice,Chia Seeds,Canned Tomatoes,nan,Baking Soda,Frozen Vegetables,Barley
Flour,Canned Tomatoes,nan,Carrot,nan,Chips,nan,Juice,Cereal,Asparagus,Salt
Flax Seeds,nan,Potato,Spaghetti Sauce,Lettuce,Ice Cream,Hot Sauce,Canned Tuna,Coffee,nan,Oats
Maple Syrup,Soda,Lettuce,Tomato,Nuts,Water,Garlic,Relish,Hot Sauce,Cornstarch,Raspberries
Cucumber,Fish,Oats,Ice Cream,Pancake Mix,Potato,Brussels Sprouts,Asparagus,Soda,Farro,Salsa
Corn,Rice,nan,Barley,Radishes,Coffee,Salt,Flax Seeds,nan,Crackers,Nectarines
Sour Cream,nan,Beef,Canned Tomatoes,Spinach,nan,Water,Powdered Sugar,Canned Tuna,nan,Milk
Asparagus,Potato,Sour Cream,Baking Soda,Butter Milk,Mangoes,Fish,Breadcrumbs,Honey,Fish,Strawberries
Lemon,Peas,Baking Soda,Cereal,Soda,Baking Powder,Nectarines,Breadcrumbs,Chips,Onion,Grapes
Chips,nan,Green Beans,Cereal,Orange,nan,Cereal,Garlic,Strawberries,Tomato,Canned Beans
Pickles,Baking Powder,Pickles,Cookies,Cantaloupe,Salsa,Soda,Radishes,Bell Pepper,Beef,Juice
Cereal,Avocado,Beans,Potato,Grapes,Kale,Maple Syrup,Blackberries,Blueberries,Brown Sugar,Crackers
Spaghetti Sauce,Lime,Watermelon,Soy Milk,Olive Oil,Mustard,Soda,nan,Ketchup,Farro,Potato
Juice,Mayonnaise,nan,Cantaloupe,Pancake Mix,Cornstarch,Frozen Pizza,Cornstarch,Tea,Sour Cream,Strawberries
Yeast,Frozen Pizza,Flax Seeds,nan,Plums,Half and Half,Frozen Fish,nan,Honeydew,Nuts,Relish
Milk,Cereal,Bell Pepper,Cauliflower,Frozen Shrimp,nan,Cantaloupe,Coconut Milk,Carrot,Banana,Lemon
nan,Raspberries,Sour Cream,Milk,Peaches,Canned Tomatoes,Pickles,Apple,Yeast,Pepper,Cookies
Honeydew,Canned Beans,Frozen Pizza,Flax Seeds,Onion,Cookies,Spinach,Nuts,Ice Cream,Powdered Sugar,Vinegar
Soy Milk,Heavy Cream,Zucchini,Chia Seeds,Cheese,Chips,Frozen Vegetables,Heavy Cream,nan,nan,Milk
Carrot,Butter Milk,Chia Seeds,Canned Beans,Mustard,Nuts,Garlic,Whipped Cream,nan,Rice,Brown Sugar
Soda,Radishes,Cheese,nan,Almond Milk,Pancake Mix,Vinegar,Bread,Cornstarch,Almond Milk,Blackberries
Yeast,Beans,nan,Half and Half,nan,nan,Cucumber,Powdered Sugar,Breadcrumbs,Chocolate,Yogurt
Jam,Cereal,Corn,Almond Milk,Cucumber,Broccoli,nan,Quinoa,Frozen Pizza,Frozen Fish,Half and Half
Green Beans,Canned Tuna,Heavy Cream,Canned Tomatoes,Honey,Peanut Butter,Plums,Zucchini,Frozen Vegetables,nan,Coffee
Frozen Dinners,Asparagus,nan,Brussels Sprouts,Blackberries,Cucumber,Waffles,Orange,Mushrooms,Radishes,Frozen Pizza
Yogurt,Cottage Cheese,Whipped Cream,Rice,Blackberries,Eggplant,Chili Pepper,Frozen Dinners,Bell Pepper,Chicken,Sugar
Cauliflower,Eggplant,nan,Strawberries,Soy Sauce,Crackers,Frozen Vegetables,nan,Salt,Heavy Cream,Chicken
Soda,Crackers,nan,Blueberries,Tomato,Frozen Fish,Cereal,Pepper,Honey,Tea,Coconut Milk
Brown Sugar,Coconut Milk,Chips,Baking Soda,Honey,Strawberries,Pepper,Flour,Frozen Fish,Kale,nan
Spinach,Pineapple,Bread,Frozen Fish,nan,nan,Pepper,Cheese,Vinegar,Cheese,Juice
Soy Sauce,Waffles,Celery,Pickles,nan,Quinoa,Powdered Sugar,Chili Pepper,Plums,Canned Tomatoes,Pears
Baking Soda,Vinegar,Corn,Soda,Carrot,Whipped Cream,Blackberries,Banana,Watermelon,Baking Soda,Olive Oil
Canned Soup,Watermelon,Apple,Frozen Pizza,Frozen Shrimp,Coffee,Coconut Milk,Flax Seeds,Almond Milk,Baking Powder,Plums
nan,Canned Tuna,Frozen Dinners,Canned Tomatoes,Carrot,nan,Mushrooms,Pickles,nan,Pepper,nan
Oats,Onion,Pickles,Soy Milk,Onion,Orange,Apple,Cauliflower,Soy Milk,Yeast,nan
Powdered Sugar,Cauliflower,nan,Mangoes,Pancake Mix,Pineapple,Lettuce,Ice Cream,nan,Baking Powder,Butter Milk
Water,Water,Tomato,Frozen Vegetables,Olive Oil,Watermelon,Half and Half,nan,Rice,Plums,Vinegar
Relish,Peas,Pancake Mix,Cereal,Frozen Pizza,Potato,Pickles,nan,Canned Tuna,Brussels Sprouts,Peanut Butter
Lime,Frozen Pizza,Frozen Fruits,Almond Milk,Yogurt,Avocado,nan,Soy Sauce,Juice,Lentils,Relish
Tomato,Canned Tuna,Baking Soda,Jam,Yeast,Nuts,Pancake Mix,Mayonnaise,Oats,Cucumber,nan
nan,Vinegar,Peas,Cornstarch,Canned Soup,Cauliflower,Powdered Sugar,Grapes,Tomato,Waffles,nan
Water,Broccoli,Soda,Corn,Strawberries,Chili Pepper,Pepper,Vinegar,Butter,Apple,Heavy Cream
Flour,Maple Syrup,Onion,Baking Powder,Rice,Butter,Corn,Butter Milk,Radishes,Vinegar,Plums
nan,Pepper,nan,Radishes,Brussels Sprouts,Waffles,nan,nan,Blackberries,Apple,Chocolate
nan,Banana,Grapes,Pineapple,Yogurt,Lentils,Frozen Fish,nan,nan,Grapes,Beans
Tomato,Lemon,Pickles,Ketchup,Cheese,Tomato,Dried Fruit,Pepper,Pancake Mix,Canned Tomatoes,nan
Barley,Vinegar,Apple,Salt,Pasta,Farro,Canned Soup,Eggs,Strawberries,Eggs,Sugar
Butter Milk,Lime,Cucumber,Canned Tomatoes,Frozen Dinners,nan,Canned Soup,Juice,Canned Tomatoes,Garlic,Pears
Yogurt,Tomato,Carrot,Radishes,Potato,Couscous,Yeast,Lemon,Blackberries,Lentils,Couscous
Cottage Cheese,Waffles,Beef,Watermelon,Cauliflower,Sugar,Broccoli,nan,Broccoli,Brown Sugar,Spinach
Cottage Cheese,Powdered Sugar,Baking Powder,Blueberries,Yeast,Flour,Flour,Pepper,Onion,Chocolate,Bread
Frozen Pizza,Canned Beans,Barley,Bread,Onion,Chocolate,Chili Pepper,nan,Sugar,Blueberries,Cottage Cheese
Barley,Soy Milk,Beef,Spinach,Cornstarch,Sour Cream,Pickles,Brown Sugar,Yeast,Sour Cream,Chips
Canned Beans,Coffee,Nuts,Tomato,Juice,Cheese,Corn,Water,Pickles,Powdered Sugar,Quinoa
nan,Milk,Garlic,Brussels Sprouts,Olive Oil,Pickles,Peaches,Frozen Vegetables,Olive Oil,Beef,Green Beans
Almond Milk,nan,Pasta,Oats,Radishes,nan,Dried Fruit,Salsa,Lettuce,Kale,nan
Soda,Jam,Eggs,Brussels Sprouts,Lime,Cheese,Barley,Brussels Sprouts,Lettuce,Frozen Dinners,Juice
nan,Honeydew,Waffles,Couscous,Pepper,Strawberries,Soda,Sour Cream,Tea,Breadcrumbs,Eggplant
Frozen Vegetables,Canned Beans,Radishes,Plums,Jam,Celery,Canned Tuna,Breadcrumbs,Frozen Shrimp,Watermelon,Salt
nan,Soy Milk,Frozen Fish,Chili Pepper,Banana,Nuts,Nuts,Frozen Fish,Maple Syrup,Breadcrumbs,Mustard
Nuts,Coconut Milk,Tomato,Crackers,Canned Soup,Mustard,Soda,nan,Lemon,Breadcrumbs,Canned Tuna
Cucumber,Chocolate,nan,Rice,Mushrooms,Plums,Flax Seeds,Sugar,Mustard,nan,Cheese
Dried Fruit,Grapes,Beans,Baking Soda,nan,Lentils,Cottage Cheese,Salsa,Chia Seeds,Pears,Sour Cream
Quinoa,Baking Soda,nan,Broccoli,Brown Sugar,Eggs,Nectarines,Flax Seeds,Chips,Ice Cream,nan
Honey,nan,Frozen Pizza,Almond Milk,Flax Seeds,Pickles,nan,Eggplant,Watermelon,Pancake Mix,Brussels Sprouts
Chicken,Blueberries,Cornstarch,Lemon,Cucumber,Chocolate,Onion,Coffee,nan,Mushrooms,Quinoa
Cottage Cheese,Lettuce,nan,Whipped Cream,Tea,Radishes,Frozen Dinners,Pickles,Frozen Fish,Nuts,Sour Cream
Barley,Almond Milk,Maple Syrup,nan,Asparagus,Rice,Couscous,Banana,Butter Milk,Yeast,Carrot
Milk,nan,nan,nan,Brussels Sprouts,Avocado,Barley,Eggplant,nan,Frozen Fruits,Quinoa
Eggs,Barley,Chili Pepper,Sugar,Breadcrumbs,Watermelon,Chia Seeds,Pancake Mix,Tea,Hot Sauce,Rice
Cottage Cheese,Beans,Pasta,Powdered Sugar,Vinegar,Vinegar,Salt,Cucumber,Raspberries,Baking Powder,nan
Barley,nan,Spaghetti Sauce,Asparagus,Hot Sauce,Sugar,Butter Milk,Bell Pepper,Soda,Eggplant,Farro
Relish,Jam,Cauliflower,Canned Tomatoes,Hot Sauce,Mangoes,Radishes,Farro,Butter Milk,Cookies,Celery
Nuts,Mushrooms,Nuts,Cornstarch,Waffles,Tomato,Cereal,nan,Peas,Coconut Milk,Nectarines
Zucchini,Mangoes,Carrot,Lemon,Apple,Canned Tomatoes,Water,Baking Powder,Bell Pepper,Soda,Banana
Butter,Mayonnaise,Green Beans,Cookies,Chips,Cheese,Rice,Canned Beans,Canned Soup,Bell Pepper,Breadcrumbs
Milk,Milk,Cucumber,Cucumber,Spaghetti Sauce,Brown Sugar,Water,Sugar,Cantaloupe,Peas,Olive Oil
Mustard,Milk,Heavy Cream,Zucchini,Potato,Canned Beans,Mushrooms,Ketchup,Milk,Flour,Bread
Lentils,Grapes,Soy Sauce,nan,nan,Mushrooms,Cauliflower,Beef,Chili Pepper,Water,Maple Syrup
Pickles,Cucumber,Peaches,Soy Milk,Spaghetti Sauce,Lime,Cauliflower,Radishes,Fish,Pears,Frozen Pizza
nan,Whipped Cream,nan,Cantaloupe,Banana,nan,Pancake Mix,Carrot,Bell Pepper,nan,Honey
nan,Frozen Fish,Relish,Mushrooms,Yeast,Bell Pepper,Cauliflower,Couscous,Plums,Couscous,Sour Cream
Chili Pepper,nan,Salt,Eggs,Butter Milk,Chips,Green Beans,Mushrooms,Lettuce,Hot Sauce,Water
Yeast,Baking Soda,Relish,Coconut Milk,Ice Cream,Eggs,Waffles,Chocolate,Coconut Milk,Fish,nan
Celery,Honeydew,Fish,Asparagus,nan,Cauliflower,Celery,Bell Pepper,Cucumber,Brussels Sprouts,Kale
Oats,Breadcrumbs,Rice,Rice,Garlic,Broccoli,Chili Pepper,nan,Tea,Sour Cream,Baking Soda
Green Beans,nan,Honeydew,Cottage Cheese,Relish,Orange,nan,Cantaloupe,nan,nan,Potato
Potato,Juice,Baking Powder,Maple Syrup,Grapes,Lemon,Lime,Heavy Cream,Pasta,Cheese,Lettuce
nan,Cereal,Nuts,Asparagus,Couscous,Cookies,Half and Half,Broccoli,Butter Milk,Salt,Rice
Eggplant,Avocado,Water,Lemon,Frozen Fish,Brussels Sprouts,Relish,Pineapple,Kale,Water,Frozen Dinners
Radishes,Corn,Frozen Fish,Ice Cream,Whipped Cream,Powdered Sugar,Blackberries,nan,Canned Soup,Beef,nan
Beans,Zucchini,Mayonnaise,Lime,Frozen Vegetables,Canned Tomatoes,Flour,Frozen Shrimp,Tomato,Milk,Cheese
nan,Waffles,Ice Cream,Honey,Coffee,Mustard,Barley,Soda,Cucumber,Frozen Shrimp,nan
Blackberries,Coconut Milk,Mushrooms,Juice,Beans,Lemon,nan,Soy Milk,Frozen Fish,Frozen Dinners,Mushrooms
Broccoli,Blueberries,Sugar,Tomato,Relish,nan,Salt,nan,Brussels Sprouts,Lemon,Hot Sauce
Celery,Water,nan,Frozen Pizza,Bread,Pasta,nan,Flax Seeds,Butter,Coffee,Lemon
Spinach,Salt,Blackberries,Jam,Peaches,nan,Honey,Nectarines,Frozen Dinners,nan,Ketchup
Mayonnaise,Strawberries,Carrot,Salt,Butter,Spaghetti Sauce,nan,Beans,Heavy Cream,Crackers,nan
Honeydew,Honeydew,Chips,Soy Milk,Pasta,Crackers,Eggs,Baking Soda,Peaches,Nectarines,Honeydew
Olive Oil,Jam,Peanut Butter,Mushrooms,Lentils,Apple,nan,Radishes,Beef,Rice,Barley
Tea,Peas,Cauliflower,Frozen Vegetables,Grapes,Yogurt,Milk,Crackers,Canned Tuna,Corn,Mushrooms
Ice Cream,Peas,Bell Pepper,Couscous,Pasta,Ice Cream,Dried Fruit,Honeydew,Canned Soup,Green Beans,Ice Cream
Salt,Plums,Flax Seeds,Brussels Sprouts,Nectarines,Butter,Eggs,Nuts,Heavy Cream,Ketchup,nan
Hot Sauce,Potato,Broccoli,Bell Pepper,Tomato,Carrot,Canned Tuna,Flax Seeds,Ketchup,Maple Syrup,Mushrooms
Rice,Baking Powder,Green Beans,Butter,Lettuce,Frozen Fruits,nan,Bread,Eggplant,Breadcrumbs,Apple
Frozen Fish,Bell Pepper,Banana,Yeast,Coconut Milk,Baking Powder,nan,Canned Soup,Frozen Vegetables,Broccoli,Peas
Nectarines,Nuts,Peanut Butter,Nuts,Apple,Nuts,Frozen Fruits,Frozen Vegetables,Rice,Mayonnaise,Lime
Cauliflower,Chips,Butter,Cornstarch,Watermelon,Garlic,nan,Dried Fruit,nan,Hot Sauce,Beans
Lettuce,Chili Pepper,Farro,Chips,Peas,Frozen Fruits,Grapes,Whipped Cream,Vinegar,Mushrooms,Frozen Fish
Cucumber,Radishes,Banana,Mangoes,Corn,Mushrooms,Eggs,Peaches,Quinoa,Pears,Vinegar
Yogurt,Blueberries,Crackers,Lime,Breadcrumbs,Frozen Fish,Peaches,Peanut Butter,Waffles,nan,Frozen Dinners
Broccoli,Quinoa,Crackers,Whipped Cream,Raspberries,Frozen Shrimp,Lemon,Cornstarch,Bell Pepper,Cookies,Broccoli
Avocado,Beans,Canned Soup,Oats,Avocado,Carrot,Butter,nan,Eggs,Grapes,Salt
Strawberries,Zucchini,Peas,Frozen Pizza,Soy Milk,Nectarines,Waffles,Honey,nan,Relish,Lentils
nan,Potato,Ketchup,Banana,Beef,Crackers,Garlic,Butter Milk,Frozen Fish,Beans,Raspberries
Strawberries,Corn,nan,Half and Half,nan,Apple,Cheese,Salt,Banana,Grapes,nan
Brown Sugar,Barley,Salsa,Chili Pepper,Almond Milk,nan,Jam,Whipped Cream,Honeydew,Salt,Kale
Pickles,Salt,Frozen Vegetables,Eggs,Cornstarch,Maple Syrup,Barley,nan,nan,Blueberries,Potato
Vinegar,Celery,Cottage Cheese,Chia Seeds,Blackberries,Corn,Hot Sauce,Maple Syrup,Water,Soy Sauce,Breadcrumbs
Half and Half,Rice,Lime,Chicken,Sugar,Plums,nan,Chia Seeds,Ice Cream,Cauliflower,Peanut Butter
Canned Soup,Ice Cream,Couscous,Nuts,Cantaloupe,Mangoes,Brown Sugar,Grapes,Chili Pepper,Hot Sauce,Heavy Cream
nan,Dried Fruit,Water,Breadcrumbs,Lime,Asparagus,Orange,Frozen Fruits,Canned Soup,Lime,nan
nan,Canned Tomatoes,Soy Sauce,Tomato,nan,Carrot,Yeast,Barley,Couscous,Water,Farro
nan,Maple Syrup,nan,Salt,Waffles,Ice Cream,Cauliflower,Barley,nan,Tea,Crackers
Salsa,Water,Pancake Mix,Orange,Fish,Corn,nan,nan,Cereal,Whipped Cream,Strawberries
Cantaloupe,Cantaloupe,Avocado,Frozen Dinners,Pickles,Barley,Watermelon,Cornstarch,Milk,Chocolate,Pears
Bread,Water,Canned Soup,Orange,Frozen Fruits,Cereal,Yogurt,Relish,Pasta,Pickles,Sour Cream
Water,Raspberries,Ketchup,Eggplant,Corn,Powdered Sugar,Brussels Sprouts,Eggplant,Mushrooms,Green Beans,Mangoes
Salsa,Barley,Water,Cornstarch,nan,Nectarines,Chocolate,Grapes,Soy Milk,Mangoes,Honey
Frozen Fish,Eggs,Butter,Hot Sauce,Bread,Canned Beans,Butter Milk,Nectarines,Ketchup,Onion,Celery
Canned Beans,Salt,Eggplant,Water,Raspberries,Kale,Rice,Powdered Sugar,Chocolate,Lentils,Vinegar
Nuts,Coffee,Ketchup,Raspberries,nan,Watermelon,Oats,nan,Butter,nan,Cantaloupe
Apple,Lentils,Cornstarch,Chicken,Grapes,Maple Syrup,Frozen Vegetables,Bread,Cheese,Lime,nan
Baking Soda,Milk,nan,nan,Breadcrumbs,Pickles,Breadcrumbs,Sugar,Raspberries,Garlic,Salt
Frozen Fruits,Canned Beans,Orange,Cottage Cheese,nan,Cantaloupe,Cornstarch,Ice Cream,Maple Syrup,Blueberries,Breadcrumbs
Carrot,Cucumber,Green Beans,Blackberries,Lemon,Peanut Butter,Cornstarch,Peaches,Dried Fruit,Coffee,Half and Half
Watermelon,Lentils,Blackberries,Kale,Nuts,Brown Sugar,Lettuce,Almond Milk,Cauliflower,Blackberries,nan
Lentils,Nuts,Asparagus,Yeast,Celery,Lettuce,Celery,Cucumber,Heavy Cream,Flour,Yogurt
Frozen Fruits,Plums,Chicken,Banana,Whipped Cream,Bell Pepper,Tea,Cucumber,Radishes,Couscous,Frozen Shrimp
Beef,Radishes,Onion,Relish,Pickles,Crackers,Ice Cream,Celery,Peas,Spinach,Tomato
Dried Fruit,Mangoes,Canned Tomatoes,Green Beans,Cheese,Eggplant,Canned Tomatoes,Mustard,Couscous,Frozen Fruits,Dried Fruit
Plums,Ice Cream,Strawberries,Apple,Rice,Tomato,Mushrooms,Flax Seeds,nan,Mayonnaise,nan
Beans,Honeydew,Flour,Rice,Pasta,Canned Tuna,Quinoa,Lettuce,nan,nan,Chicken
Oats,Grapes,Beans,Half and Half,Apple,Juice,Pineapple,Spinach,Honeydew,Beef,Frozen Pizza
Chia Seeds,Frozen Vegetables,nan,Honeydew,Beef,Hot Sauce,Honeydew,Whipped Cream,Cantaloupe,Butter,Crackers
Radishes,Kale,Butter,nan,Tomato,Garlic,Milk,Broccoli,nan,Maple Syrup,nan
Brussels Sprouts,Kale,Pickles,Carrot,Peanut Butter,Blueberries,Spaghetti Sauce,Sour Cream,Olive Oil,Nectarines,Frozen Pizza
Potato,Beans,Onion,Mushrooms,Beans,Olive Oil,Carrot,Corn,Milk,Yogurt,Banana
Half and Half,Garlic,Nuts,Radishes,Brussels Sprouts,Soy Milk,Frozen Dinners,nan,Quinoa,Peas,Butter Milk
Heavy Cream,Frozen Fruits,Pears,Half and Half,Heavy Cream,Lemon,Tomato,Lemon,Powdered Sugar,Spaghetti Sauce,Powdered Sugar
Olive Oil,Bread,Eggplant,Couscous,Pickles,Couscous,Tomato,Frozen Dinners,Frozen Dinners,Cheese,Celery
nan,Brown Sugar,Canned Tomatoes,Canned Beans,Mayonnaise,Orange,Brown Sugar,Canned Tomatoes,Baking Powder,Pickles,Frozen Fruits
Olive Oil,Coffee,Cauliflower,Relish,Pears,Vinegar,Waffles,nan,Spaghetti Sauce,Cereal,Lime
Yeast,Grapes,Cantaloupe,Olive Oil,Fish,Frozen Fruits,Frozen Shrimp,Soy Milk,Asparagus,Canned Soup,Chocolate
Canned Tomatoes,Oats,Watermelon,Frozen Pizza,Honey,Brussels Sprouts,Banana,Eggs,Pancake Mix,nan,Pepper
Kale,Honeydew,Cookies,Heavy Cream,Nuts,nan,Kale,nan,Quinoa,Corn,Tea
Soy Milk,Water,Onion,Baking Soda,Crackers,Chili Pepper,Potato,Jam,Blueberries,Yogurt,Frozen Shrimp
Spinach,Dried Fruit,Peanut Butter,nan,Vinegar,Milk,Frozen Fish,Flour,Cookies,nan,Mustard
Kale,Sugar,Canned Beans,Soy Sauce,nan,Banana,Hot Sauce,Frozen Dinners,Eggs,Radishes,Beef
Couscous,Yogurt,Canned Soup,Eggplant,Chips,nan,Lettuce,Soy Sauce,Canned Tomatoes,Blackberries,Canned Beans
Salsa,Flour,Plums,Yogurt,Frozen Dinners,Cheese,Heavy Cream,Pickles,Milk,Pancake Mix,Heavy Cream
Lime,Peaches,Yogurt,Flour,Bell Pepper,Frozen Fruits,Lentils,nan,nan,Relish,Water
Quinoa,Peaches,Chili Pepper,Spaghetti Sauce,Waffles,Brussels Sprouts,nan,Chili Pepper,Chips,Chia Seeds,Celery
Sugar,Blueberries,Asparagus,Vinegar,Orange,Beans,Water,Pepper,Kale,Chili Pepper,Quinoa
Coffee,Lime,nan,Dried Fruit,nan,Lemon,Soy Sauce,Milk,Pickles,nan,Apple
Chips,nan,Frozen Dinners,Half and Half,Lime,Beans,Watermelon,Broccoli,Asparagus,Cottage Cheese,Frozen Vegetables
Sugar,Crackers,Quinoa,Eggplant,Raspberries,Lentils,Canned Tomatoes,nan,Half and Half,Beef,Bell Pepper
Mayonnaise,Honeydew,Nuts,nan,Baking Powder,Kale,Mangoes,Canned Tuna,Honeydew,Water,Pickles
Ketchup,nan,Strawberries,nan,Chips,nan,Frozen Dinners,Dried Fruit,Yogurt,Nuts,Frozen Fruits
nan,Plums,Beans,Spaghetti Sauce,Peas,Jam,Frozen Vegetables,nan,Hot Sauce,Soda,Whipped Cream
Chicken,nan,Sugar,Lettuce,Coconut Milk,Water,Mayonnaise,Lettuce,nan,Blackberries,Dried Fruit
Salsa,Vinegar,Dried Fruit,Watermelon,nan,Chicken,Lettuce,Frozen Dinners,Chocolate,Honeydew,Frozen Dinners
Canned Soup,Frozen Fruits,Couscous,Heavy Cream,Nectarines,Honeydew,Dried Fruit,Mustard,Soda,Celery,Bread
Peas,Cookies,Tomato,Apple,Coffee,Avocado,Milk,Olive Oil,Baking Powder,Pasta,Rice
Watermelon,Chia Seeds,Canned Tuna,Corn,Heavy Cream,Frozen Pizza,Kale,Half and Half,Pickles,Beans,Peas
Nectarines,Canned Beans,Honey,Celery,Mayonnaise,Potato,Dried Fruit,Soda,Cookies,Coconut Milk,Milk
Garlic,Hot Sauce,Dried Fruit,Broccoli,Barley,Pepper,Beef,Canned Beans,nan,nan,Cereal
Farro,Lentils,Avocado,Baking Powder,nan,Mangoes,Canned Tuna,Peanut Butter,Carrot,Coffee,Eggs
Hot Sauce,Spinach,Strawberries,Pepper,Strawberries,Brussels Sprouts,Cauliflower,nan,Almond Milk,Strawberries,Radishes
Butter,Salt,Ketchup,Orange,Waffles,Pickles,Potato,Orange,Nuts,Mustard,Jam
nan,Cornstarch,Corn,Baking Powder,Rice,Frozen Shrimp,Kale,Chia Seeds,Cauliflower,nan,nan
Soy Sauce,Chia Seeds,nan,Eggs,Pasta,Relish,Canned Beans,Canned Tuna,Cauliflower,Green Beans,Cucumber
Baking Powder,Brown Sugar,Bell Pepper,Onion,Almond Milk,nan,Jam,Honey,Pineapple,Frozen Dinners,nan
Butter Milk,Kale,Cucumber,Chicken,Mushrooms,nan,Frozen Pizza,Peas,Frozen Dinners,Dried Fruit,Chia Seeds
Cornstarch,Garlic,Heavy Cream,Vinegar,Maple Syrup,Flax Seeds,Couscous,Cottage Cheese,Ketchup,Yeast,Blueberries
Barley,Canned Tuna,Powdered Sugar,Almond Milk,Crackers,Eggplant,Blueberries,Chili Pepper,Frozen Fish,Asparagus,Pineapple
Couscous,Blueberries,nan,Brown Sugar,Breadcrumbs,nan,nan,Mangoes,Cantaloupe,Eggs,nan
Pears,Hot Sauce,Celery,Fish,Zucchini,Pancake Mix,Honeydew,Eggplant,Plums,nan,nan
Chili Pepper,Lentils,Potato,Brown Sugar,nan,Oats,Mushrooms,Watermelon,Tomato,Lentils,Mayonnaise
Mustard,Soy Sauce,Carrot,Cantaloupe,Half and Half,Canned Tuna,Chocolate,Chips,Peas,Half and Half,Peanut Butter
nan,Canned Tomatoes,Lime,Watermelon,Lime,Frozen Shrimp,Vinegar,Zucchini,Fish,Frozen Pizza,Spaghetti Sauce
Green Beans,Coffee,nan,Eggs,Nuts,Tea,nan,Blueberries,Green Beans,Mushrooms,Rice
Honeydew,Soda,Tomato,Cauliflower,Chips,Maple Syrup,Baking Soda,Cantaloupe,Canned Tuna,Beef,Soda
Nectarines,nan,Celery,Coconut Milk,Soy Sauce,Peanut Butter,Beef,Tea,Baking Soda,Waffles,Peaches
Soy Milk,Beef,Whipped Cream,Beans,Olive Oil,Peaches,Watermelon,Mustard,Orange,Canned Beans,Canned Tomatoes
Ketchup,Brown Sugar,nan,Corn,Peanut Butter,Mustard,Cereal,nan,Brussels Sprouts,Corn,Brussels Sprouts
Chia Seeds,Peaches,Honeydew,Cornstarch,Beans,Garlic,nan,Relish,nan,Baking Soda,Chili Pepper
Pickles,Tea,Banana,Pickles,Plums,Celery,Frozen Fruits,Corn,Brussels Sprouts,Blueberries,Salsa
Carrot,Zucchini,Peanut Butter,Water,Frozen Fish,Yeast,Jam,Coffee,Vinegar,Hot Sauce,Farro
Pepper,Peas,Plums,Whipped Cream,Banana,nan,Half and Half,Baking Powder,Grapes,Powdered Sugar,Frozen Dinners
Peanut Butter,Apple,Mayonnaise,nan,Baking Soda,Barley,Baking Soda,Spinach,Mangoes,Juice,Tea
Frozen Fruits,nan,Cucumber,Lentils,Frozen Shrimp,Barley,Corn,Apple,Crackers,Nuts,Beef
Barley,nan,Ice Cream,Relish,Pineapple,Relish,Nuts,Quinoa,Farro,Hot Sauce,Salsa
Dried Fruit,Honeydew,Maple Syrup,Sugar,Mushrooms,Chocolate,nan,Frozen Shrimp,Whipped Cream,Spinach,Breadcrumbs
Chicken,Eggplant,Heavy Cream,Frozen Shrimp,Heavy Cream,Spaghetti Sauce,nan,nan,Plums,Cottage Cheese,nan
Chili Pepper,Watermelon,Frozen Pizza,Beans,Frozen Shrimp,Cheese,Lettuce,Salt,nan,Zucchini,Butter Milk
Bread,Honeydew,Coconut Milk,Cantaloupe,Sugar,Onion,Brussels Sprouts,Cookies,Waffles,Cauliflower,Beef
Yogurt,nan,Pancake Mix,Cornstarch,Relish,Oats,Spaghetti Sauce,nan,Peas,Brown Sugar,Bread
nan,Frozen Dinners,nan,nan,Vinegar,Waffles,Salt,Couscous,Cantaloupe,Pepper,Pepper
Butter Milk,Barley,Yeast,Salt,Onion,Lemon,nan,Fish,Frozen Shrimp,Banana,Apple
Rice,Frozen Dinners,Onion,Nectarines,Watermelon,Coffee,Couscous,Chili Pepper,Spinach,Zucchini,Brown Sugar
Orange,Brussels Sprouts,nan,Bell Pepper,Frozen Fruits,Tomato,Tea,Couscous,Yeast,Pickles,Blackberries
nan,Lentils,Soy Milk,Soy Sauce,Coffee,Waffles,Raspberries,nan,Banana,Farro,nan
Apple,Baking Soda,Relish,Couscous,Mayonnaise,Honey,nan,Blackberries,Broccoli,Pineapple,nan
Peas,Garlic,Chicken,Plums,Spinach,Canned Soup,Baking Soda,Frozen Dinners,Strawberries,Barley,Sugar
Pepper,Watermelon,Baking Soda,Onion,Lemon,Heavy Cream,Eggplant,Canned Beans,Strawberries,Potato,Ice Cream
Beans,Cottage Cheese,nan,Peas,Pancake Mix,Raspberries,Eggs,Juice,Apple,Zucchini,Broccoli
Bread,Onion,Milk,Bell Pepper,Chocolate,Frozen Shrimp,Raspberries,Coconut Milk,Powdered Sugar,Potato,Coconut Milk
Butter,Celery,Breadcrumbs,Broccoli,nan,Relish,Lentils,Onion,Pickles,Oats,Frozen Fruits
Olive Oil,Olive Oil,Yogurt,Cornstarch,Hot Sauce,Celery,Couscous,nan,Radishes,nan,Pineapple
Banana,Orange,Avocado,Milk,Onion,Celery,Celery,Chips,Water,Juice,Water
Soda,Pears,Cereal,Cheese,Spaghetti Sauce,Coconut Milk,Watermelon,Frozen Shrimp,Soda,Broccoli,Carrot
Orange,Tea,nan,Beef,nan,Bell Pepper,nan,Lemon,Kale,Corn,Apple
Zucchini,Avocado,nan,Onion,Flax Seeds,nan,Asparagus,Heavy Cream,Canned Tomatoes,Brussels Sprouts,Chips
Mustard,nan,Chocolate,Flax Seeds,nan,Eggplant,Mangoes,Nectarines,Kale,Beans,Honeydew
Cookies,Beef,Butter,Yogurt,Spaghetti Sauce,Banana,Baking Soda,Farro,Chocolate,Heavy Cream,Crackers
Flax Seeds,Relish,Flour,Radishes,Frozen Vegetables,Celery,Brown Sugar,Pickles,Pepper,nan,Vinegar
Cornstarch,Avocado,Jam,Peanut Butter,Soy Milk,Salt,Waffles,Crackers,Rice,Blueberries,Nuts
Fish,Avocado,Strawberries,Ice Cream,nan,nan,Beans,Garlic,Yogurt,Powdered Sugar,Rice
nan,Lettuce,Lime,Oats,Chicken,Fish,Peaches,nan,Chia Seeds,Frozen Fish,Jam
Salt,Honey,Flax Seeds,Baking Powder,Vinegar,Mushrooms,Pickles,Celery,Mushrooms,Radishes,nan
Apple,Corn,nan,Apple,Chocolate,Oats,Butter Milk,Garlic,Orange,Waffles,Nuts
Avocado,Butter Milk,Chia Seeds,Plums,Brown Sugar,Yeast,nan,Honeydew,Frozen Pizza,nan,Beef
Olive Oil,Eggplant,Bell Pepper,Frozen Dinners,nan,Eggs,Waffles,Brown Sugar,Cantaloupe,Pasta,Broccoli
Coconut Milk,Lime,Whipped Cream,Lettuce,Chocolate,Pepper,Barley,Mangoes,Honey,Pasta,Pickles
Zucchini,Cereal,Barley,Powdered Sugar,Cheese,Powdered Sugar,Broccoli,Soda,Coffee,Water,Soda
Plums,Tea,Yogurt,Breadcrumbs,Grapes,Soy Milk,Couscous,Butter Milk,nan,Asparagus,Chicken
Chips,Mayonnaise,Olive Oil,Mayonnaise,Frozen Vegetables,Baking Soda,Mangoes,Cheese,Crackers,Tomato,Frozen Fruits
Raspberries,Cornstarch,Carrot,Baking Powder,Lentils,Soy Milk,Waffles,Almond Milk,Yeast,Almond Milk,Salsa
Grapes,Beans,Chili Pepper,Tomato,Soy Milk,Broccoli,Bell Pepper,nan,Chili Pepper,Nuts,Brussels Sprouts
nan,Butter,Flour,Eggplant,Oats,Hot Sauce,Broccoli,Relish,Garlic,nan,Celery
Bread,Peanut Butter,Brussels Sprouts,nan,Frozen Pizza,Juice,Water,Beans,Hot Sauce,Canned Beans,Waffles
Potato,Lime,Butter Milk,Carrot,Cucumber,Mayonnaise,Watermelon,Blueberries,Lime,Chili Pepper,Farro
Farro,Beans,Nuts,Relish,Water,Barley,nan,Barley,Chocolate,Brown Sugar,Bread
nan,nan,Chips,Crackers,Oats,Flax Seeds,Butter Milk,Ice Cream,Pancake Mix,Soy Sauce,Corn
Cottage Cheese,nan,nan,Tomato,Cucumber,Cottage Cheese,Pickles,Nuts,Milk,Blackberries,Honeydew
Spaghetti Sauce,Beans,Dried Fruit,Couscous,nan,Cereal,Yeast,Eggs,Frozen Fish,Frozen Pizza,Cantaloupe
Raspberries,Coffee,Coffee,Jam,Soy Milk,nan,Relish,Frozen Dinners,Crackers,Quinoa,Zucchini
Water,nan,nan,Zucchini,Corn,Garlic,Tea,Vinegar,Corn,Celery,Lentils
Relish,Quinoa,Brown Sugar,Lime,Canned Tomatoes,Garlic,Jam,Chips,Canned Soup,Barley,Radishes
Tea,Relish,Frozen Pizza,Farro,Relish,Fish,Ketchup,Cantaloupe,Peaches,Butter Milk,Cucumber
Broccoli,Chicken,Cheese,Coconut Milk,Mustard,nan,Water,Beans,nan,Pineapple,Peas
Blackberries,Sour Cream,Garlic,Whipped Cream,Tea,Butter,Jam,Chips,nan,Brussels Sprouts,Celery
Frozen Fish,Frozen Dinners,nan,nan,Chicken,Orange,nan,nan,Nuts,Crackers,Sugar
Quinoa,nan,nan,nan,Avocado,Peanut Butter,Celery,Butter Milk,Cantaloupe,Chili Pepper,Corn
Onion,Chia Seeds,Mayonnaise,Blackberries,nan,Breadcrumbs,Pancake Mix,Brown Sugar,Sugar,Apple,Breadcrumbs
nan,Sugar,nan,Mayonnaise,Blackberries,Tea,Peas,Plums,Peanut Butter,Coffee,Salsa
nan,Potato,Yogurt,Green Beans,nan,Frozen Dinners,nan,Frozen Vegetables,Salsa,Sugar,Flax Seeds
nan,Canned Soup,Asparagus,nan,Kale,Frozen Fish,Farro,Celery,Beef,Apple,Lentils
Salt,Ketchup,Heavy Cream,Lentils,Mustard,Juice,Peas,Eggplant,Garlic,Frozen Dinners,Barley
nan,Blueberries,Chia Seeds,nan,Maple Syrup,nan,Sour Cream,Coconut Milk,Beans,Juice,Cantaloupe
Chicken,Cornstarch,Onion,Cucumber,Peas,Chocolate,nan,Pickles,Olive Oil,Relish,Breadcrumbs
Barley,Lettuce,nan,Quinoa,Cornstarch,nan,Lentils,Chili Pepper,Frozen Fish,Honeydew,Half and Half
nan,Breadcrumbs,Mayonnaise,nan,Pepper,Milk,Strawberries,nan,Coconut Milk,Nuts,Cottage Cheese
nan,Almond Milk,Chicken,Celery,Blackberries,Frozen Dinners,Avocado,Lettuce,Green Beans,Mayonnaise,Vinegar
Pickles,Yeast,nan,Olive Oil,nan,Plums,Canned Tuna,Heavy Cream,Juice,Water,Ketchup
Ice Cream,Tomato,Soy Milk,Lemon,Dried Fruit,Mangoes,Lemon,Honeydew,Honeydew,Brussels Sprouts,Chia Seeds
Sour Cream,Waffles,Cornstarch,Pepper,Chia Seeds,Lettuce,Pepper,Butter,Vinegar,Coffee,Ice Cream
Coffee,Strawberries,Frozen Pizza,Cucumber,Breadcrumbs,Carrot,Chili Pepper,nan,nan,Soy Milk,Asparagus
Farro,Pears,Olive Oil,Chicken,Water,Cookies,nan,Pears,nan,Frozen Fish,Pasta
Watermelon,Honey,Sour Cream,Mushrooms,Strawberries,Grapes,Bell Pepper,nan,Onion,Coffee,nan
Half and Half,Grapes,Jam,Chia Seeds,nan,Frozen Dinners,Hot Sauce,Canned Soup,Fish,nan,Honey
Chicken,Rice,Salt,nan,Pasta,Cereal,Canned Soup,Lemon,Potato,Yeast,Banana
Cauliflower,Lentils,Milk,nan,Mangoes,Powdered Sugar,nan,Waffles,Soy Milk,Beef,Couscous
Quinoa,Eggs,Frozen Vegetables,Blueberries,Waffles,Radishes,Canned Soup,Onion,Juice,Lemon,Chia Seeds
Eggs,Rice,Rice,nan,Water,Salt,nan,Ketchup,Soy Milk,Beans,Frozen Shrimp
Sugar,Eggplant,Apple,Frozen Dinners,nan,Powdered Sugar,Ketchup,Lettuce,Crackers,Flour,Beef
Couscous,Hot Sauce,nan,Peanut Butter,Corn,Lime,Baking Soda,Olive Oil,Coffee,Grapes,Brussels Sprouts
Peaches,Crackers,Sour Cream,Bell Pepper,Beef,Pasta,Green Beans,Asparagus,Baking Powder,Pickles,Almond Milk
nan,Raspberries,Chia Seeds,Soda,Frozen Fish,Cookies,nan,Honey,Pears,Soda,Tomato
Powdered Sugar,Cauliflower,Vinegar,nan,Onion,Potato,Cookies,nan,nan,nan,Pasta
Lettuce,Honeydew,Oats,Butter Milk,Butter,Strawberries,Spaghetti Sauce,Beans,Honeydew,Bell Pepper,Watermelon
Oats,Eggs,Frozen Fish,Baking Soda,Dried Fruit,Watermelon,Water,Chocolate,Frozen Shrimp,nan,Radishes
Beef,Mushrooms,Cereal,Half and Half,Nectarines,Juice,Fish,Cauliflower,Baking Powder,Butter,Chocolate
Pepper,Pasta,Avocado,Olive Oil,Canned Beans,nan,nan,nan,Coffee,Breadcrumbs,Chips
Frozen Shrimp,Yeast,Cookies,Dried Fruit,nan,Strawberries,nan,Fish,Tomato,Yogurt,Asparagus
nan,Baking Powder,Canned Soup,Nuts,Pepper,Tea,Milk,Frozen Dinners,Eggplant,Chips,Chips
Mustard,Chili Pepper,Lentils,Blueberries,Coconut Milk,Quinoa,Water,Half and Half,Crackers,Zucchini,Raspberries
Tomato,Frozen Dinners,Apple,Lime,nan,Cookies,Pasta,Nectarines,Frozen Fruits,Eggs,nan
Salsa,Pancake Mix,Bell Pepper,Potato,Mangoes,Apple,Orange,Butter Milk,Frozen Dinners,Frozen Vegetables,nan
nan,nan,Honey,Frozen Dinners,Cheese,Spinach,Mushrooms,Yogurt,nan,Fish,Peanut Butter
Frozen Vegetables,nan,Bread,Nectarines,Mustard,Frozen Dinners,Honey,Nuts,Breadcrumbs,Crackers,Banana
Chicken,Plums,Nectarines,Baking Soda,Blueberries,Nectarines,Celery,Avocado,Cottage Cheese,Butter Milk,Grapes
Salt,Butter Milk,Zucchini,Corn,Peanut Butter,Peas,Butter Milk,Canned Soup,Peanut Butter,Farro,Brussels Sprouts
Beef,Cauliflower,Zucchini,Orange,Eggs,Green Beans,Cornstarch,Flax Seeds,Frozen Pizza,Half and Half,Pickles
nan,Bell Pepper,Frozen Pizza,Frozen Shrimp,Juice,Relish,Chili Pepper,nan,Mustard,nan,Almond Milk
Peanut Butter,Waffles,Fish,Peaches,Crackers,Pepper,Almond Milk,Bread,Relish,Lentils,nan
Mayonnaise,Brown Sugar,Butter,Ketchup,nan,Pepper,Cookies,Peanut Butter,Barley,nan,Ketchup
Tomato,Pancake Mix,Baking Powder,Strawberries,Relish,Frozen Shrimp,nan,Sour Cream,Canned Tomatoes,Butter,Canned Beans
Salsa,Yogurt,nan,Butter Milk,Coconut Milk,Maple Syrup,Rice,Ketchup,Spinach,Avocado,Canned Tomatoes
Relish,Yeast,Breadcrumbs,Canned Tuna,Lemon,Nuts,Rice,Cottage Cheese,Lentils,Cantaloupe,Water
nan,Salsa,Lentils,Relish,Eggplant,Brown Sugar,Celery,Frozen Fruits,Rice,Grapes,Mayonnaise
Pears,Honey,nan,Spaghetti Sauce,Blackberries,Lime,Fish,nan,Asparagus,Quinoa,Pepper
Apple,Asparagus,Cookies,Carrot,Soda,Cereal,Lentils,Yogurt,Pancake Mix,Asparagus,Pickles
Mushrooms,Canned Tomatoes,Pepper,Butter Milk,Flour,Coffee,Relish,Lettuce,Chia Seeds,Watermelon,Baking Soda
Blueberries,nan,Cottage Cheese,Cereal,Banana,Canned Tomatoes,Peas,Carrot,Ketchup,Watermelon,Pasta
Ketchup,nan,nan,Carrot,nan,Cucumber,nan,Peanut Butter,nan,Flour,Olive Oil
Cauliflower,Celery,Crackers,Spinach,Hot Sauce,Pickles,Corn,Quinoa,Butter,Canned Beans,Blueberries
Hot Sauce,Coconut Milk,Rice,Cheese,nan,Frozen Vegetables,Salt,Beef,Soda,Brown Sugar,Baking Powder
Frozen Fruits,Honey,Watermelon,Almond Milk,Plums,nan,Spinach,nan,Cauliflower,Breadcrumbs,Couscous
Celery,Frozen Pizza,Lentils,Lentils,Kale,Zucchini,Cauliflower,Asparagus,Pickles,Butter Milk,Frozen Vegetables
Frozen Pizza,Barley,Relish,Nectarines,Coffee,nan,Carrot,Salt,Frozen Shrimp,Peas,nan
nan,Pickles,Farro,Coffee,Cantaloupe,Mayonnaise,Frozen Pizza,Jam,nan,Apple,nan
nan,Broccoli,nan,Zucchini,Relish,Peas,Half and Half,Potato,Apple,Beans,Cottage Cheese
Bell Pepper,Asparagus,Jam,Cornstarch,Fish,Barley,Zucchini,Celery,nan,Coconut Milk,Frozen Fish
Waffles,Spaghetti Sauce,Breadcrumbs,Kale,Soda,Canned Beans,Salt,Pepper,nan,Carrot,Soda
Pepper,Sugar,nan,Eggs,Frozen Pizza,Carrot,Sour Cream,Cereal,nan,Chips,Nuts
Chocolate,Peanut Butter,Apple,Water,Maple Syrup,Sugar,Sour Cream,Lettuce,nan,Frozen Fruits,Garlic
Canned Soup,Pineapple,Sour Cream,Quinoa,Pears,Vinegar,Salsa,nan,Lemon,nan,Chicken
Farro,Brussels Sprouts,Lime,Raspberries,Salt,Mangoes,Nectarines,Mushrooms,Frozen Fruits,Frozen Fruits,Watermelon
Canned Soup,Cottage Cheese,nan,Chili Pepper,nan,Canned Tomatoes,Radishes,Spinach,Garlic,Brown Sugar,Asparagus
Sugar,Crackers,Barley,Raspberries,Frozen Fruits,Cheese,Bell Pepper,Frozen Fish,Kale,Maple Syrup,Ice Cream
Cookies,Mustard,Brown Sugar,Banana,Grapes,Peaches,Corn,Baking Powder,Waffles,Asparagus,Pepper
Mayonnaise,nan,Sugar,Mangoes,Couscous,Chili Pepper,Mayonnaise,Couscous,Butter Milk,Frozen Fish,Butter Milk
Olive Oil,Nuts,Strawberries,Salt,Sugar,nan,nan,Strawberries,Barley,Cheese,Flax Seeds
Water,Garlic,Olive Oil,Frozen Vegetables,Mangoes,Nuts,Onion,Spaghetti Sauce,Heavy Cream,Maple Syrup,Spaghetti Sauce
nan,Brown Sugar,nan,Hot Sauce,Nuts,Garlic,Tomato,Milk,nan,Fish,Honeydew
Farro,nan,Water,Water,Frozen Fruits,Hot Sauce,Tomato,Pickles,Watermelon,Canned Beans,Fish
Frozen Dinners,Honey,Frozen Fish,Soy Milk,Blueberries,Lettuce,Orange,nan,Canned Soup,Onion,Eggplant
Coffee,nan,Honey,Beans,Pepper,Chia Seeds,Yeast,Farro,Brussels Sprouts,Coffee,Chili Pepper
Yeast,Blackberries,Mayonnaise,Coconut Milk,Coffee,Pasta,Chocolate,Frozen Shrimp,Chicken,Tomato,Soda
Oats,Spaghetti Sauce,Cookies,nan,nan,Heavy Cream,Butter Milk,Mustard,Eggplant,Frozen Shrimp,Peaches
Powdered Sugar,Crackers,Chicken,Zucchini,Jam,nan,Pickles,Brussels Sprouts,Cottage Cheese,Baking Soda,Chips
nan,Baking Powder,Lemon,Fish,Pears,Cheese,Baking Soda,Potato,nan,Crackers,Yogurt
Pineapple,nan,Watermelon,Asparagus,Flour,Apple,Pears,Tea,Watermelon,nan,Baking Powder
Chips,Breadcrumbs,Brown Sugar,Lime,Vinegar,Frozen Fruits,Pepper,Bread,nan,Powdered Sugar,nan
nan,Carrot,Ice Cream,Orange,Green Beans,Vinegar,Spaghetti Sauce,nan,nan,Farro,Flax Seeds
Yeast,Beans,Orange,Corn,Frozen Vegetables,nan,Mangoes,Corn,Pasta,Flour,Cucumber
Chips,Eggplant,Plums,nan,Rice,Almond Milk,nan,Soy Sauce,Flax Seeds,Pasta,Lime
Lemon,Plums,Apple,Dried Fruit,Oats,Canned Tomatoes,Beans,nan,Flour,Salsa,Bread
Banana,Yogurt,Relish,Blueberries,nan,Salsa,Corn,Eggs,Mangoes,Powdered Sugar,Rice
Farro,Cereal,Cereal,Soy Milk,Couscous,Peas,Mayonnaise,Frozen Fish,Blackberries,Soy Sauce,Peaches
Grapes,Breadcrumbs,Pears,Pickles,Olive Oil,Tea,Cantaloupe,Lime,Tea,nan,nan
Cereal,Sugar,Grapes,Waffles,Crackers,Flour,Cornstarch,Plums,Sour Cream,Sour Cream,Cucumber
Pancake Mix,Frozen Vegetables,Honeydew,Soy Milk,Watermelon,Oats,Maple Syrup,Canned Beans,Raspberries,Bread,Eggs
Maple Syrup,Peas,Avocado,Mangoes,Kale,Lemon,Waffles,nan,Blackberries,Lemon,nan
Yogurt,nan,Orange,Sugar,Asparagus,Cucumber,Honeydew,Yeast,Canned Tuna,Baking Soda,Green Beans
Orange,Whipped Cream,nan,Butter,Spaghetti Sauce,Relish,Honeydew,Soy Sauce,Breadcrumbs,Yeast,Chocolate
Cantaloupe,Flour,Couscous,nan,Frozen Shrimp,Baking Soda,Baking Powder,Watermelon,Soy Milk,Cantaloupe,Yogurt
Pasta,Chips,Cucumber,Peaches,nan,Frozen Fruits,Hot Sauce,nan,Banana,Tomato,Cornstarch
Beans,Hot Sauce,Couscous,Banana,Farro,Chicken,Nuts,Lentils,Cauliflower,Hot Sauce,Spaghetti Sauce
Garlic,Flax Seeds,Pasta,Rice,Watermelon,Ketchup,Carrot,Cucumber,Blackberries,Sour Cream,nan
Eggs,nan,Cantaloupe,Waffles,Lime,Canned Tuna,Whipped Cream,Canned Tomatoes,nan,Eggplant,nan
Strawberries,Avocado,Powdered Sugar,nan,Dried Fruit,Pepper,Ice Cream,Honey,Jam,Ice Cream,Dried Fruit
Cottage Cheese,Farro,Green Beans,Oats,Waffles,nan,Barley,Coffee,nan,Lentils,Pickles
Half and Half,Oats,Pineapple,Soy Milk,Cheese,Lemon,Heavy Cream,Cookies,Baking Powder,Chips,Plums
Salsa,Salt,Half and Half,Canned Tomatoes,Juice,nan,nan,nan,Zucchini,Orange,Chips
Banana,nan,Watermelon,Plums,Frozen Dinners,Fish,Pepper,Strawberries,Sugar,nan,nan
Orange,Lime,Mayonnaise,Baking Powder,Mushrooms,Watermelon,Frozen Fish,Chocolate,Water,Frozen Fish,Soy Milk
Asparagus,Flour,Pickles,Jam,Peanut Butter,Almond Milk,Pasta,Orange,Peaches,Pears,Oats
Heavy Cream,Tomato,Beef,Frozen Fish,Pineapple,Bread,Ice Cream,Honey,Vinegar,Lettuce,Dried Fruit
Zucchini,Bread,Raspberries,nan,Apple,Lentils,Onion,Mangoes,Chicken,Salt,Frozen Dinners
nan,Spinach,Banana,nan,Beef,Plums,Olive Oil,Chili Pepper,Farro,Mustard,Cantaloupe
nan,Garlic,Soy Sauce,Nuts,Potato,Cornstarch,Almond Milk,Peanut Butter,Carrot,Watermelon,Asparagus
Raspberries,Cereal,Fish,Juice,Lettuce,Milk,Salsa,Watermelon,Barley,Pancake Mix,Water
Brussels Sprouts,Relish,Tea,Mushrooms,Frozen Fish,Plums,Lettuce,Lime,Onion,Lime,Mustard
Spinach,Canned Soup,Quinoa,Pancake Mix,Eggs,Mangoes,Oats,Frozen Fish,Soda,Plums,Garlic
Salsa,Pepper,Spaghetti Sauce,Mushrooms,Watermelon,Soda,Beef,Ketchup,Dried Fruit,Cucumber,Rice
nan,Cereal,Heavy Cream,Dried Fruit,Water,Celery,Almond Milk,Cauliflower,Honeydew,Spinach,Canned Tomatoes
Watermelon,Sugar,Chips,Ice Cream,Onion,Kale,Spaghetti Sauce,Whipped Cream,Heavy Cream,Grapes,Kale
Baking Soda,Apple,Brussels Sprouts,Salsa,Chocolate,Peanut Butter,Baking Soda,Sour Cream,Pineapple,Pepper,Honeydew
Mangoes,Salsa,Eggs,Almond Milk,Chia Seeds,Lemon,Peaches,Soy Sauce,Cornstarch,Kale,Orange
Salsa,Pasta,Quinoa,Crackers,Pancake Mix,Hot Sauce,Spinach,Cantaloupe,Jam,Butter,Zucchini
nan,Potato,Canned Tuna,Grapes,Pepper,Cottage Cheese,Vinegar,Cauliflower,Beans,Lentils,Mushrooms
Jam,Bread,Mustard,Asparagus,Whipped Cream,Cheese,Honey,Sugar,Corn,Breadcrumbs,Orange
Powdered Sugar,Watermelon,Bread,Flax Seeds,Watermelon,Raspberries,Flax Seeds,Frozen Shrimp,Quinoa,Olive Oil,Chili Pepper
Chili Pepper,Canned Tomatoes,Quinoa,Whipped Cream,Lentils,Peaches,Pancake Mix,nan,Frozen Vegetables,Peaches,Bell Pepper
Frozen Fish,nan,Hot Sauce,Lime,Chia Seeds,Cookies,Frozen Shrimp,Green Beans,Canned Tomatoes,Corn,Baking Powder
Cantaloupe,Mushrooms,Mayonnaise,nan,Pepper,Frozen Pizza,Honeydew,nan,Radishes,Carrot,Honeydew
Peanut Butter,Orange,Pasta,Frozen Vegetables,Broccoli,Cornstarch,Beef,nan,Yeast,Vinegar,Banana
Coffee,Maple Syrup,Chicken,Avocado,Waffles,Lemon,Lettuce,Milk,Peanut Butter,Radishes,Ketchup
Cereal,Soy Sauce,Dried Fruit,Radishes,Waffles,Frozen Fruits,Honeydew,Peaches,Eggplant,Salsa,Vinegar
Sugar,nan,Flax Seeds,Brussels Sprouts,Cookies,nan,Cereal,nan,nan,Frozen Fish,Yeast
Asparagus,Salsa,Cauliflower,Cereal,Soy Milk,Chili Pepper,Mustard,Cucumber,nan,Baking Soda,Ketchup
Soy Sauce,Yogurt,Garlic,nan,Raspberries,Ketchup,Eggs,Frozen Fruits,nan,Flour,Waffles
Broccoli,Frozen Fish,Ketchup,nan,Lettuce,Plums,Eggs,Pineapple,Apple,Butter Milk,Lime
Eggs,Pancake Mix,Asparagus,nan,Flour,Honeydew,Cottage Cheese,Pears,Soy Milk,Peaches,Almond Milk
nan,Hot Sauce,Mayonnaise,nan,Cereal,Raspberries,Tomato,Pancake Mix,Banana,Pancake Mix,Pasta
nan,Chocolate,Honey,Lettuce,nan,Tea,Broccoli,nan,Juice,Orange,nan
Pasta,Green Beans,Chili Pepper,Fish,Radishes,Coconut Milk,Relish,Cantaloupe,Cucumber,Milk,Eggs
Pasta,Salsa,Vinegar,Zucchini,nan,Chocolate,Pasta,Chocolate,Eggs,nan,Cauliflower
Grapes,Cottage Cheese,Peas,Flax Seeds,Brown Sugar,Jam,Peaches,Farro,nan,Almond Milk,Milk
Spaghetti Sauce,nan,Coffee,Soy Sauce,Green Beans,Whipped Cream,Lentils,Lettuce,nan,Blueberries,Fish
Radishes,Lettuce,Yeast,Spinach,nan,Maple Syrup,Flax Seeds,Mayonnaise,Kale,Lime,Frozen Fruits
Peaches,Grapes,Baking Powder,nan,Milk,Cheese,Apple,Crackers,Pears,Eggs,nan
Butter,Maple Syrup,Cucumber,Strawberries,Olive Oil,Zucchini,nan,Canned Tuna,Chicken,Watermelon,Raspberries
Mushrooms,Broccoli,Lettuce,Brown Sugar,Fish,Rice,Tomato,Spaghetti Sauce,Asparagus,Crackers,Lime
nan,Coconut Milk,Pasta,Canned Tomatoes,Cucumber,Pears,Brown Sugar,Olive Oil,nan,nan,Peaches
Canned Soup,Oats,Brussels Sprouts,Salt,Mustard,Hot Sauce,Banana,Mayonnaise,nan,Pancake Mix,Lime
Olive Oil,Brown Sugar,Frozen Vegetables,Relish,Dried Fruit,Bread,nan,Frozen Pizza,Quinoa,Peas,Canned Soup
nan,Frozen Pizza,Carrot,Strawberries,Soy Milk,Canned Tomatoes,Grapes,Mushrooms,Flax Seeds,Asparagus,Barley
Breadcrumbs,Barley,Waffles,Cottage Cheese,nan,Almond Milk,Nectarines,Frozen Fish,Barley,Whipped Cream,Tea
Coconut Milk,Baking Soda,nan,Yeast,Pancake Mix,Cauliflower,nan,Potato,Baking Powder,Banana,Canned Soup
Blueberries,Almond Milk,Banana,Oats,Pickles,Chicken,nan,Relish,Beef,Tea,Zucchini
Oats,Peanut Butter,Cereal,Lentils,Dried Fruit,Banana,Chia Seeds,Pepper,Barley,Frozen Vegetables,Orange
nan,Pasta,Chili Pepper,Brown Sugar,Blueberries,Bread,Whipped Cream,nan,Pears,Plums,Celery
Canned Tuna,Mangoes,Ice Cream,Canned Tomatoes,Radishes,Sour Cream,Hot Sauce,Pepper,Canned Beans,Carrot,Baking Powder
Flour,Mustard,Celery,Chili Pepper,nan,Plums,Kale,Frozen Fruits,nan,Canned Tuna,Powdered Sugar
Asparagus,Yeast,Brussels Sprouts,nan,nan,nan,Zucchini,nan,nan,Blueberries,Flour
Coffee,Yeast,Beef,Peas,Pasta,Cantaloupe,Lemon,Flax Seeds,Salsa,Apple,Spinach
Baking Soda,Avocado,Whipped Cream,Cheese,nan,nan,Pickles,Coconut Milk,Broccoli,Cornstarch,Cookies
Lentils,Zucchini,Mushrooms,Plums,Lime,nan,Peanut Butter,Mustard,Ketchup,Chili Pepper,Asparagus
Rice,Spinach,Ice Cream,nan,Pears,Water,Apple,Brussels Sprouts,Soy Milk,Lettuce,Yeast
Chocolate,Bread,Juice,Nectarines,nan,Chicken,Ketchup,Carrot,Waffles,Sour Cream,Lemon
Asparagus,Lemon,Farro,Couscous,Broccoli,Canned Beans,Banana,Coffee,Beans,Yeast,Almond Milk
Canned Beans,Soy Sauce,nan,Salsa,Water,Tea,Ketchup,Lime,Lentils,nan,Cereal
Tea,Waffles,Spaghetti Sauce,nan,Raspberries,nan,Frozen Vegetables,Chili Pepper,Beef,Coffee,Chips
nan,Cornstarch,Radishes,Canned Soup,Banana,Cauliflower,Apple,Spaghetti Sauce,Hot Sauce,Pasta,Raspberries
nan,Beans,Nuts,Banana,Soy Milk,Raspberries,nan,Soy Milk,Soy Sauce,Oats,Onion
Mustard,Chicken,Corn,Powdered Sugar,Cucumber,Fish,Waffles,nan,Kale,nan,Avocado
Cheese,Butter Milk,Chicken,Cucumber,nan,Strawberries,Flour,Lemon,Eggplant,Cauliflower,Baking Soda
Baking Soda,Spinach,Strawberries,Soda,Honey,Canned Tomatoes,Soy Milk,Orange,Honey,Mushrooms,Breadcrumbs
Barley,Frozen Pizza,Barley,Hot Sauce,Mangoes,Powdered Sugar,nan,Lime,Mayonnaise,Farro,Soda
Mustard,Spinach,nan,Jam,Onion,Sour Cream,Cheese,Potato,Cantaloupe,Oats,Vinegar
Frozen Shrimp,Tomato,Garlic,Mangoes,Pineapple,Almond Milk,Coffee,Breadcrumbs,Chicken,Plums,Canned Beans
Carrot,nan,Peanut Butter,Chocolate,Beef,Frozen Pizza,Dried Fruit,Maple Syrup,Raspberries,Pears,Green Beans
nan,Plums,Maple Syrup,Avocado,Crackers,Vinegar,Avocado,Breadcrumbs,nan,Pepper,Honey
Jam,Garlic,Banana,Chili Pepper,Spinach,Ketchup,Celery,Coconut Milk,Canned Tomatoes,Crackers,Avocado
Banana,nan,Frozen Pizza,Frozen Fish,Onion,Pineapple,nan,Canned Beans,Strawberries,Half and Half,Lime
Chia Seeds,nan,Lime,Flax Seeds,Corn,Chia Seeds,Honeydew,Eggplant,Pancake Mix,Brussels Sprouts,Pepper
Juice,Banana,nan,Juice,Canned Soup,Asparagus,Broccoli,Radishes,Water,Brown Sugar,Sour Cream
Pepper,Quinoa,Juice,Honeydew,Tomato,Strawberries,nan,Frozen Pizza,Maple Syrup,Hot Sauce,nan
Oats,Beans,Cereal,Banana,Lentils,nan,Frozen Dinners,Frozen Vegetables,Almond Milk,Pepper,Brown Sugar
nan,Blackberries,Lime,Avocado,Heavy Cream,Soda,Relish,Radishes,Salt,Banana,Canned Tuna
Mangoes,nan,Olive Oil,Breadcrumbs,Onion,Cucumber,Cauliflower,Fish,Chia Seeds,Zucchini,Pepper
Farro,Waffles,Lentils,Lime,Coffee,Cauliflower,Honeydew,Relish,Canned Tuna,Almond Milk,Canned Tuna
Butter,Brussels Sprouts,Orange,Rice,Chicken,Onion,Plums,Heavy Cream,Frozen Vegetables,Plums,Almond Milk
Quinoa,Blueberries,Yeast,nan,Canned Tomatoes,Baking Powder,Cheese,Pickles,Spinach,Canned Beans,Salt
Coconut Milk,Mangoes,Beef,nan,Dried Fruit,Soda,Ketchup,Carrot,Cereal,Chia Seeds,Canned Tuna
Jam,Frozen Vegetables,nan,Grapes,Pancake Mix,Garlic,Canned Tuna,Blueberries,Baking Soda,Relish,Green Beans
Fish,Lime,Eggs,Cornstarch,Watermelon,Rice,Beans,Frozen Dinners,Onion,Peaches,Coconut Milk
Kale,nan,Cottage Cheese,Nectarines,Bread,nan,Jam,Milk,Beans,Frozen Vegetables,Bread
Frozen Fish,Plums,Tea,nan,nan,Rice,Cornstarch,Green Beans,Pepper,Chicken,Barley
Chicken,Pancake Mix,Hot Sauce,Waffles,Milk,Whipped Cream,Waffles,Nectarines,Soda,Lemon,Flax Seeds
Flour,Flax Seeds,nan,Pickles,Soy Milk,Milk,Canned Tomatoes,Tomato,Dried Fruit,Fish,Canned Tuna
Pancake Mix,Sugar,Spinach,Apple,Pepper,nan,Peas,Soda,Lentils,Celery,Vinegar
Crackers,Nectarines,Coconut Milk,Coconut Milk,Mushrooms,Cereal,Oats,Apple,Juice,Dried Fruit,nan
Almond Milk,Frozen Vegetables,Almond Milk,Flour,Grapes,nan,Tea,Tea,Lettuce,Broccoli,Whipped Cream
Frozen Shrimp,Vinegar,Baking Powder,Cereal,nan,Olive Oil,nan,Waffles,Cauliflower,Beans,Barley
Orange,nan,Frozen Fruits,Coffee,Radishes,Pancake Mix,Powdered Sugar,nan,Spaghetti Sauce,Vinegar,Soy Milk
Chips,Half and Half,Baking Soda,Pancake Mix,Cereal,nan,Almond Milk,Quinoa,Flax Seeds,Apple,Frozen Pizza
Chili Pepper,Pineapple,Green Beans,Crackers,Oats,Nuts,nan,Waffles,Lime,Canned Tomatoes,Nuts
Mayonnaise,Cheese,Cereal,Sugar,Garlic,Tomato,Sugar,Waffles,Grapes,Eggplant,Honey
Pancake Mix,Yogurt,Beef,Oats,Sugar,Grapes,nan,Blackberries,Sour Cream,Tea,Brown Sugar
Half and Half,nan,Orange,Cottage Cheese,Hot Sauce,Pears,Frozen Shrimp,Yogurt,Eggs,nan,Relish
Ketchup,Nuts,Peanut Butter,Heavy Cream,Whipped Cream,Watermelon,Eggplant,Honeydew,Mustard,nan,Ketchup
nan,Cereal,Frozen Fruits,Half and Half,Yeast,Carrot,Coconut Milk,Strawberries,Cucumber,Brussels Sprouts,Nuts
Peas,Vinegar,Carrot,Watermelon,Broccoli,nan,Green Beans,Bread,nan,Canned Tomatoes,nan
Cereal,Water,Yeast,Peaches,Couscous,Kale,Cucumber,Salt,Canned Tuna,Canned Tuna,Frozen Fruits
Plums,nan,Blueberries,nan,Chocolate,Soy Sauce,Lime,Corn,Asparagus,Powdered Sugar,Canned Tuna
Orange,Rice,Plums,nan,Cheese,nan,Frozen Fish,Eggplant,Banana,Couscous,Pepper
nan,Tomato,Sugar,Olive Oil,Grapes,Frozen Fish,Flax Seeds,Cantaloupe,Apple,Strawberries,Cereal
Bell Pepper,Juice,Frozen Dinners,nan,Canned Beans,Water,Tomato,Green Beans,Quinoa,Water,Quinoa
Mangoes,Green Beans,Cucumber,Barley,Kale,Corn,Mushrooms,Butter,Potato,Lemon,Butter Milk
Relish,Pancake Mix,Mayonnaise,nan,Sugar,Coffee,Cucumber,Cantaloupe,Whipped Cream,Spinach,Mangoes
Soy Sauce,Honeydew,Frozen Shrimp,nan,nan,Whipped Cream,nan,Juice,Eggs,Maple Syrup,Asparagus
Soda,Strawberries,Olive Oil,Mustard,Butter Milk,Heavy Cream,Half and Half,Banana,Nuts,Fish,Bread
Nectarines,Beans,Yogurt,Milk,Frozen Shrimp,Apple,nan,Dried Fruit,nan,nan,Pasta
Chips,Honey,Heavy Cream,Milk,Canned Tuna,nan,Dried Fruit,nan,Beef,Honeydew,Celery
Barley,Onion,Pancake Mix,Milk,Mangoes,Cucumber,Spinach,Broccoli,Beef,Cornstarch,Powdered Sugar
Peas,Cereal,Watermelon,Salsa,Honeydew,Salsa,nan,Oats,Vinegar,Ice Cream,Flour
Nectarines,Yeast,Plums,Radishes,Broccoli,Breadcrumbs,Juice,nan,Broccoli,Pasta,Tea
Baking Soda,Frozen Fruits,Cottage Cheese,Mustard,Beef,Tea,Cereal,Asparagus,Olive Oil,nan,Asparagus
Broccoli,Pickles,Celery,nan,Maple Syrup,nan,Pasta,Bread,Frozen Fish,Garlic,Beef
Rice,Vinegar,Whipped Cream,Frozen Fish,Canned Tuna,Banana,Spaghetti Sauce,Honey,Sugar,Waffles,Chili Pepper
Pepper,Crackers,Orange,Lime,nan,Quinoa,Chia Seeds,Fish,Chips,Eggplant,Nectarines
Frozen Vegetables,nan,Canned Soup,Flour,Beef,Frozen Fruits,Jam,nan,Coconut Milk,Pineapple,Cornstarch
Powdered Sugar,nan,Tea,Mushrooms,Nuts,Flour,Peanut Butter,Cornstarch,Corn,Jam,Cornstarch
Canned Tomatoes,Coconut Milk,Cottage Cheese,Heavy Cream,Soda,Crackers,nan,Heavy Cream,Radishes,Eggplant,Banana
Fish,Peanut Butter,Peaches,Beans,Quinoa,Coconut Milk,Pancake Mix,Frozen Vegetables,nan,Breadcrumbs,Ice Cream
Flour,nan,Cereal,Fish,Chia Seeds,Bell Pepper,Heavy Cream,Flour,Soy Sauce,Cornstarch,Cereal
Barley,Honey,Potato,Jam,Asparagus,Eggplant,Bell Pepper,Flour,Frozen Shrimp,Apple,Pasta
Grapes,nan,Heavy Cream,Peaches,Flax Seeds,Nuts,Orange,Beans,Spaghetti Sauce,Peanut Butter,Ketchup
Chicken,Breadcrumbs,Mangoes,Frozen Shrimp,Jam,nan,Orange,Frozen Dinners,Corn,Vinegar,Spinach
Whipped Cream,Ice Cream,Coconut Milk,Cottage Cheese,Eggplant,Chia Seeds,Asparagus,Couscous,Mangoes,Farro,Carrot
Water,Strawberries,Beans,Heavy Cream,Kale,Apple,Tea,Canned Beans,nan,nan,Avocado
Breadcrumbs,Bell Pepper,Cantaloupe,Frozen Pizza,Honey,Frozen Dinners,Yeast,Frozen Dinners,Sugar,Dried Fruit,Canned Beans
Frozen Fruits,Mushrooms,Salsa,Heavy Cream,Soy Sauce,Chili Pepper,Sugar,Butter Milk,Hot Sauce,Frozen Shrimp,Butter Milk
Raspberries,Pancake Mix,Maple Syrup,Radishes,nan,Mangoes,Bread,Baking Powder,Soy Milk,Dried Fruit,Oats
Pepper,Pears,nan,Heavy Cream,nan,Beef,Strawberries,Brown Sugar,nan,Cauliflower,Brussels Sprouts
Baking Soda,Maple Syrup,nan,Chips,Dried Fruit,Soy Sauce,Corn,Cereal,Chia Seeds,Honeydew,Apple
Yogurt,Cheese,nan,nan,Yeast,Peaches,Mayonnaise,Butter,Soy Milk,Rice,Asparagus
Fish,Coconut Milk,Waffles,Nectarines,Pickles,Banana,Brussels Sprouts,Pineapple,Relish,Broccoli,Spaghetti Sauce
Plums,Chia Seeds,Bread,Cookies,Frozen Shrimp,Lettuce,nan,Banana,Sugar,Jam,Lime
nan,Baking Powder,Butter,Pancake Mix,Plums,Strawberries,Quinoa,Canned Tuna,Pepper,Chocolate,Juice
Pepper,Milk,Olive Oil,Plums,Avocado,Nectarines,Soda,Bread,Radishes,Bread,Soy Sauce
Milk,Eggs,nan,Frozen Pizza,nan,Hot Sauce,Sour Cream,Frozen Pizza,Hot Sauce,Butter Milk,Ketchup
Heavy Cream,Coffee,Olive Oil,Blackberries,Chili Pepper,Watermelon,Carrot,Milk,Quinoa,Frozen Fish,Cookies
Celery,Cottage Cheese,Canned Tomatoes,Nectarines,nan,Spinach,Raspberries,Water,Apple,Lentils,Soy Sauce
Spinach,Chia Seeds,Sugar,Yeast,nan,Apple,Baking Powder,Salsa,Raspberries,nan,Barley
Brussels Sprouts,Blueberries,Bell Pepper,Soy Sauce,nan,Almond Milk,Canned Tuna,Lemon,Chili Pepper,nan,Salt
Chips,Canned Tuna,Carrot,Frozen Shrimp,Canned Soup,Butter Milk,Frozen Fruits,Frozen Vegetables,Peaches,Spaghetti Sauce,Water
Coffee,Pepper,Mustard,Honeydew,Couscous,Frozen Fruits,Eggplant,Fish,Nuts,Kale,Mangoes
Relish,Waffles,Pancake Mix,Chicken,Peas,Brussels Sprouts,nan,Watermelon,Sour Cream,Pineapple,Peanut Butter
Jam,Canned Beans,nan,Frozen Fish,Canned Tomatoes,Radishes,Frozen Pizza,Peas,Yogurt,Heavy Cream,Frozen Shrimp
Vinegar,Coffee,Butter,Butter,Pears,Broccoli,Lettuce,Cheese,Chicken,Radishes,Pears
Frozen Fruits,Tomato,Ketchup,Lettuce,Chia Seeds,Eggplant,Soda,Grapes,Sugar,Beans,Sour Cream
Honeydew,Canned Tuna,Chocolate,Garlic,Canned Beans,Heavy Cream,Frozen Shrimp,Banana,Cereal,Beef,nan
nan,Honeydew,Olive Oil,Milk,Watermelon,Mayonnaise,Heavy Cream,Peanut Butter,Frozen Pizza,Raspberries,Lemon
Pancake Mix,Coffee,Pears,Olive Oil,Celery,Spaghetti Sauce,Barley,Breadcrumbs,Canned Beans,Maple Syrup,Yeast
Ketchup,Lime,Ice Cream,Plums,Canned Beans,Plums,Peanut Butter,Canned Tuna,Frozen Vegetables,Almond Milk,nan
Soda,Milk,nan,Spaghetti Sauce,Jam,Onion,Salt,Pickles,Chia Seeds,Chicken,Rice
Bread,Potato,Raspberries,Soy Sauce,nan,Frozen Vegetables,Frozen Pizza,Baking Soda,Rice,Radishes,Peanut Butter
Whipped Cream,Butter Milk,Raspberries,Cheese,Chicken,Frozen Shrimp,Frozen Fish,Mangoes,Hot Sauce,Frozen Fruits,Peanut Butter
nan,Nectarines,Broccoli,Blueberries,Whipped Cream,Canned Beans,Hot Sauce,Lemon,Frozen Fish,Oats,Nectarines
Sour Cream,Canned Tomatoes,Zucchini,Soda,Strawberries,Chocolate,Coffee,Potato,Potato,Orange,Lentils
Sour Cream,Plums,Baking Soda,Peanut Butter,Rice,Beans,Beans,Coffee,Milk,Crackers,Cookies
Bread,Olive Oil,nan,Blackberries,Lime,Nectarines,Banana,Peas,Honeydew,nan,nan
Heavy Cream,Baking Powder,Breadcrumbs,Frozen Fruits,Cottage Cheese,Sour Cream,nan,Peaches,Sour Cream,Chia Seeds,Brown Sugar
Nectarines,Brussels Sprouts,Heavy Cream,Sour Cream,Eggplant,Pineapple,Cottage Cheese,Vinegar,Relish,Chili Pepper,Nectarines
Orange,Honeydew,Coconut Milk,nan,Cookies,Juice,Garlic,Yeast,nan,nan,nan
Garlic,nan,Sugar,Powdered Sugar,Baking Powder,Blueberries,Quinoa,Heavy Cream,Pasta,Grapes,Celery
nan,Waffles,Chili Pepper,Lettuce,Milk,Bread,Lentils,Butter,Radishes,Water,Salsa
Frozen Pizza,Milk,nan,Eggs,Oats,nan,Mayonnaise,nan,Flour,Salsa,Flour
Cauliflower,Spinach,nan,Pasta,Pineapple,Honey,Cheese,Flour,Plums,nan,Baking Powder
Soda,nan,Grapes,Ice Cream,Soy Sauce,Beef,Pears,Mustard,Lemon,nan,Spinach
Sugar,Orange,Water,Cornstarch,Banana,Barley,nan,Honey,Broccoli,Bell Pepper,Bread
Cookies,Breadcrumbs,Crackers,Garlic,Salt,Asparagus,Orange,Asparagus,nan,Garlic,Cauliflower
Breadcrumbs,Coffee,Tea,Yogurt,Canned Soup,Cornstarch,Green Beans,Frozen Shrimp,Butter Milk,Kale,Dried Fruit
nan,Olive Oil,Pasta,Flax Seeds,Waffles,Corn,Eggplant,Dried Fruit,Cornstarch,Mustard,Broccoli
Vinegar,Frozen Fruits,Whipped Cream,Cookies,nan,Spaghetti Sauce,Green Beans,Spaghetti Sauce,Oats,Grapes,nan
Lemon,Honeydew,nan,Chocolate,Strawberries,Pickles,Oats,Quinoa,Couscous,Watermelon,Chia Seeds
Cantaloupe,Jam,Half and Half,Nectarines,Quinoa,Mayonnaise,Relish,Relish,Fish,Ketchup,Mayonnaise
Canned Soup,Potato,Crackers,Couscous,Chocolate,Asparagus,Coffee,Canned Tomatoes,Corn,Cantaloupe,Milk
Cornstarch,Butter Milk,Sugar,Couscous,nan,Broccoli,nan,Canned Tomatoes,Kale,Cottage Cheese,nan
Farro,Spinach,Plums,nan,Pasta,Chicken,Canned Soup,Mangoes,Sour Cream,Peas,Canned Beans
Salsa,Lettuce,Mustard,Radishes,nan,Plums,Quinoa,Ice Cream,Mustard,Brussels Sprouts,Peas
Lentils,Vinegar,Chili Pepper,Watermelon,Rice,Whipped Cream,Hot Sauce,Canned Soup,Spinach,nan,Mushrooms
Tea,Spinach,Plums,Mangoes,Blueberries,Beef,Soy Sauce,nan,Apple,Mushrooms,Frozen Dinners
nan,Pasta,nan,Avocado,nan,Cauliflower,Nectarines,nan,Chili Pepper,Ketchup,Zucchini
Pickles,Frozen Fish,Canned Tomatoes,Chia Seeds,Beans,Mangoes,Cauliflower,Eggplant,Grapes,nan,Strawberries
Watermelon,Coconut Milk,Quinoa,Nuts,nan,Beef,Cornstarch,Cereal,Pasta,Cookies,Banana
Eggplant,Tea,nan,Barley,Frozen Fruits,nan,Heavy Cream,Pears,Lettuce,Soy Milk,Vinegar
Crackers,Milk,Ice Cream,nan,nan,Pickles,Grapes,Garlic,Lettuce,Strawberries,Orange
Pancake Mix,Crackers,nan,Maple Syrup,Zucchini,Frozen Shrimp,Cauliflower,Frozen Vegetables,Chocolate,Milk,Apple
Heavy Cream,Salt,Brown Sugar,Milk,Pears,Eggs,Pepper,Canned Soup,Vinegar,Soy Sauce,Canned Tomatoes
Peaches,Heavy Cream,Pickles,nan,Avocado,Pasta,Brown Sugar,Beef,Kale,Waffles,Lettuce
Garlic,Pasta,Pepper,Butter Milk,Corn,Cookies,Lettuce,Pickles,Salsa,Kale,Eggplant
nan,Watermelon,Eggplant,Celery,Barley,Waffles,Brussels Sprouts,Baking Powder,nan,Plums,Potato
Frozen Vegetables,Pancake Mix,Asparagus,Frozen Fruits,Whipped Cream,Celery,Garlic,Banana,Soy Sauce,Flour,Peanut Butter
Tomato,Zucchini,Brown Sugar,Lemon,Butter,Pepper,Sour Cream,Mustard,Avocado,Coffee,Relish
Peanut Butter,Beef,Watermelon,Cornstarch,Zucchini,Blackberries,Beef,nan,Oats,Mayonnaise,Vinegar
Coffee,Almond Milk,Blackberries,Avocado,Yogurt,Flax Seeds,nan,Chili Pepper,Cereal,Mustard,Celery
Watermelon,Brussels Sprouts,Yeast,Cantaloupe,Garlic,Milk,Salt,Sugar,Mayonnaise,Frozen Fish,Cucumber
Nectarines,Mangoes,Corn,Pancake Mix,Potato,Yogurt,Cottage Cheese,Milk,nan,Baking Powder,Cereal
Nectarines,Juice,Blackberries,Pineapple,Lime,Maple Syrup,Spaghetti Sauce,Coffee,Beef,nan,Cauliflower
Grapes,Blueberries,Blueberries,Half and Half,Oats,Soy Milk,Nectarines,Kale,Mayonnaise,Canned Beans,Radishes
nan,Fish,Corn,nan,Chicken,Cheese,Eggplant,Brussels Sprouts,Chia Seeds,Crackers,Honey
nan,Cornstarch,Butter,Eggs,Frozen Dinners,Milk,nan,Onion,Nectarines,Chicken,Pickles
Tea,Chili Pepper,Quinoa,Frozen Shrimp,Banana,Hot Sauce,Juice,nan,Dried Fruit,Green Beans,Radishes
Cornstarch,Pears,Butter Milk,Canned Beans,Pears,Nuts,Lemon,Cucumber,nan,Canned Tomatoes,Barley
Jam,Avocado,Vinegar,Lime,Tea,Potato,Crackers,Pears,Frozen Fruits,Peanut Butter,Milk
Mushrooms,Eggplant,Broccoli,nan,Bell Pepper,Beans,Onion,Garlic,Coconut Milk,Brown Sugar,Cornstarch
Banana,Carrot,Radishes,Canned Tomatoes,Heavy Cream,Pasta,Fish,Brown Sugar,Juice,Cereal,Butter
Coffee,nan,nan,Flour,nan,Salsa,Soy Sauce,Milk,Couscous,Vinegar,nan
Flour,Pasta,Frozen Fruits,Broccoli,nan,Coffee,nan,Cookies,Oats,Tomato,Spaghetti Sauce
Lemon,Blackberries,Yeast,Milk,Eggplant,nan,Almond Milk,Butter,Broccoli,Coconut Milk,Canned Tomatoes
Spinach,Celery,Lime,Lentils,Juice,Water,Canned Tuna,Cottage Cheese,Maple Syrup,Avocado,Salt
Half and Half,Farro,Frozen Fruits,Tomato,nan,Olive Oil,Tomato,Pears,Orange,Orange,Ketchup
Canned Soup,Bread,Cantaloupe,Milk,Spaghetti Sauce,Pickles,Frozen Vegetables,Milk,Cottage Cheese,Cookies,nan
Couscous,Crackers,Relish,nan,Half and Half,Pepper,Maple Syrup,Rice,Mangoes,Canned Beans,Soy Milk
Broccoli,Sour Cream,Frozen Shrimp,nan,Ice Cream,nan,Rice,Blackberries,Kale,Brussels Sprouts,Frozen Pizza
Blackberries,Baking Powder,Honeydew,Waffles,Canned Tuna,Frozen Shrimp,Flour,Water,Bell Pepper,nan,Olive Oil
Raspberries,Watermelon,Whipped Cream,Pasta,Dried Fruit,nan,Bell Pepper,Frozen Dinners,Heavy Cream,nan,Asparagus
Cottage Cheese,Banana,Peanut Butter,Honey,Baking Powder,nan,nan,Peanut Butter,Baking Soda,Brussels Sprouts,Bread
Mangoes,Cereal,Juice,Salsa,nan,Canned Tomatoes,Quinoa,Grapes,Ice Cream,Quinoa,Orange
Onion,Cauliflower,Zucchini,Milk,Blackberries,Lemon,Frozen Fruits,Cottage Cheese,Dried Fruit,Mustard,Baking Powder
Honey,Juice,Cauliflower,nan,Pepper,Pineapple,Heavy Cream,Milk,Canned Tomatoes,nan,Blackberries
Nectarines,Soy Sauce,Cantaloupe,Couscous,Cucumber,Bread,Relish,Chips,Brussels Sprouts,Quinoa,Mangoes
Sugar,Soy Sauce,Farro,Cookies,Chocolate,Frozen Fruits,Flax Seeds,Brussels Sprouts,Ketchup,Butter Milk,Canned Soup
Couscous,Pears,Pepper,Canned Beans,Baking Soda,Spinach,Peas,nan,Frozen Dinners,Olive Oil,Mustard
Cheese,Ice Cream,Pickles,Butter,Yogurt,Corn,Plums,Eggs,nan,Lettuce,Bread
Cantaloupe,Frozen Vegetables,Mangoes,nan,Apple,Ketchup,Cauliflower,Yogurt,Asparagus,Beef,Soy Sauce
nan,Jam,Cucumber,Barley,Whipped Cream,Peanut Butter,Peas,Yogurt,Baking Powder,Frozen Fish,Carrot
Milk,Eggs,Lentils,Canned Tomatoes,Baking Soda,Baking Soda,Whipped Cream,Frozen Shrimp,Farro,Spinach,Frozen Vegetables
Powdered Sugar,Salt,Blackberries,Blueberries,Whipped Cream,Canned Tomatoes,Chicken,Baking Soda,Chili Pepper,Vinegar,Cauliflower
Pepper,Relish,Olive Oil,Bell Pepper,nan,Ice Cream,Oats,Yogurt,Carrot,Onion,Beef
Broccoli,Beef,Jam,Eggplant,Pineapple,Lemon,Cornstarch,Yogurt,Ketchup,Butter Milk,Frozen Vegetables
Baking Soda,Bread,Honey,Half and Half,Tomato,Crackers,Cookies,Spaghetti Sauce,Onion,Rice,Eggs
nan,Butter Milk,Mustard,Sour Cream,Soy Milk,Cheese,Green Beans,Mushrooms,Cucumber,Lime,nan
nan,Flax Seeds,Cantaloupe,Mayonnaise,Brussels Sprouts,nan,Canned Tomatoes,Cantaloupe,Plums,Eggplant,Peaches
Plums,Baking Soda,Frozen Dinners,Canned Tomatoes,Barley,Mushrooms,Canned Beans,Quinoa,Broccoli,Cereal,Breadcrumbs
Coffee,Plums,Soy Milk,Pears,Mangoes,Peas,Nuts,Cookies,Coconut Milk,Broccoli,Rice
Tea,Canned Soup,Banana,Broccoli,Lime,Mustard,Beef,Mayonnaise,Mayonnaise,Cornstarch,Strawberries
Waffles,nan,Eggplant,Celery,nan,Butter,Baking Soda,Chicken,Heavy Cream,Butter Milk,Beans
Soy Sauce,Spaghetti Sauce,Tea,Strawberries,Blackberries,Yogurt,Carrot,nan,Canned Beans,nan,Potato
Lentils,Frozen Fish,Mushrooms,Butter Milk,Powdered Sugar,Lentils,Dried Fruit,Kale,Eggplant,Brussels Sprouts,Hot Sauce
Butter,Avocado,Peas,Beef,nan,Celery,Juice,Banana,Juice,Milk,Cheese
Canned Soup,nan,Honey,Honeydew,nan,Rice,Plums,Cheese,Frozen Fruits,Pineapple,Soy Sauce
Honey,nan,Coffee,Powdered Sugar,Asparagus,Coconut Milk,Rice,Pickles,Powdered Sugar,Canned Beans,Yogurt
nan,Salt,Barley,Cornstarch,Nuts,Yogurt,Flax Seeds,Pepper,nan,Apple,Tomato
Maple Syrup,Beef,Canned Beans,Ketchup,Butter,Watermelon,Waffles,Corn,Farro,Bread,Crackers
Celery,Garlic,Strawberries,Spinach,Frozen Fish,Tea,Cauliflower,Baking Soda,Cantaloupe,Frozen Dinners,Chia Seeds
nan,Water,Raspberries,Celery,Powdered Sugar,Grapes,Canned Tomatoes,Spinach,Chili Pepper,Peaches,Rice
Sugar,Half and Half,nan,Honey,Strawberries,Peaches,Avocado,Mustard,Quinoa,Barley,Butter Milk
Corn,Lime,Hot Sauce,Onion,Green Beans,Powdered Sugar,nan,Onion,Oats,nan,Watermelon
Cantaloupe,Tea,Broccoli,Plums,Cheese,Honey,nan,Soy Milk,Maple Syrup,nan,Lettuce
Peanut Butter,Cauliflower,Radishes,Chips,Tea,Canned Tomatoes,Fish,Blueberries,Chicken,Juice,Frozen Shrimp
Sour Cream,nan,Blueberries,nan,Banana,Tea,Soy Milk,Mangoes,Lettuce,nan,Avocado
Relish,Orange,Relish,Orange,Cucumber,Olive Oil,Whipped Cream,Maple Syrup,Raspberries,Fish,nan
Banana,Chili Pepper,Spinach,nan,Zucchini,Pineapple,nan,Canned Tuna,Pepper,nan,Bread
Onion,Avocado,Butter,Grapes,nan,Mushrooms,Butter Milk,Blueberries,Watermelon,Apple,Frozen Pizza
Banana,Chocolate,Dried Fruit,Onion,Pears,Zucchini,Baking Powder,nan,Pasta,Jam,Breadcrumbs
Peas,Lettuce,nan,Mustard,Tomato,Cornstarch,Brown Sugar,nan,Mayonnaise,Mushrooms,nan
nan,Zucchini,Blueberries,Oats,Whipped Cream,nan,Canned Tuna,Maple Syrup,Relish,Cucumber,Cookies
Barley,Honey,Bread,Milk,Beef,Hot Sauce,Lemon,Ketchup,Cottage Cheese,Quinoa,Plums
Whipped Cream,Beans,nan,Cereal,Peanut Butter,nan,Mushrooms,Peaches,Pickles,Broccoli,Lentils
Plums,Lemon,Frozen Shrimp,Rice,Sour Cream,Powdered Sugar,nan,nan,nan,Olive Oil,nan
Chili Pepper,Milk,Watermelon,Butter,Eggplant,Cauliflower,nan,Couscous,Sugar,Green Beans,nan
Bread,Ketchup,Frozen Fish,Radishes,Chia Seeds,Sugar,Yogurt,Canned Tomatoes,Lettuce,Mayonnaise,Soda
Baking Soda,Honey,Bell Pepper,Lettuce,Canned Tomatoes,Vinegar,nan,Frozen Pizza,Avocado,Baking Powder,nan
Orange,Apple,Frozen Pizza,Jam,Maple Syrup,Peanut Butter,Potato,Rice,nan,Apple,Pepper
Canned Tuna,Maple Syrup,Tomato,Yogurt,Green Beans,Flour,Flax Seeds,Apple,Mangoes,Cantaloupe,Raspberries
Frozen Fruits,Olive Oil,nan,Baking Powder,Heavy Cream,Grapes,Strawberries,Salt,Pears,Zucchini,Plums
Yogurt,Rice,Zucchini,Flax Seeds,Yogurt,nan,Green Beans,Water,Vinegar,Mustard,Frozen Vegetables
Flour,Broccoli,Frozen Dinners,Brussels Sprouts,Frozen Fruits,Whipped Cream,Baking Soda,Cantaloupe,Ice Cream,Water,Sour Cream
Waffles,Green Beans,Broccoli,Frozen Fish,Waffles,Beans,Baking Soda,Soy Milk,Frozen Fish,Almond Milk,Brown Sugar
Sour Cream,Soy Sauce,Spinach,Powdered Sugar,Honeydew,Powdered Sugar,nan,Butter Milk,Relish,Raspberries,Breadcrumbs
Bread,Peas,Maple Syrup,Pears,Tea,Green Beans,Canned Soup,Apple,Pears,nan,Barley
Brussels Sprouts,Chicken,Baking Soda,Peaches,Flax Seeds,Onion,Canned Soup,Eggplant,Fish,Mushrooms,Peanut Butter
Chips,Breadcrumbs,Canned Beans,Baking Powder,Lemon,Juice,Corn,Canned Tuna,Lentils,Spaghetti Sauce,Cereal
Cantaloupe,Pickles,Honey,Barley,Lemon,Eggs,nan,Couscous,Flour,nan,Zucchini
Butter,Celery,Pineapple,Baking Powder,Barley,Lemon,Soy Milk,Nuts,Breadcrumbs,Honeydew,Butter Milk
Apple,Cauliflower,Butter Milk,Cauliflower,Soy Sauce,Cereal,Orange,Crackers,Pears,Cucumber,Corn
Butter Milk,Zucchini,Maple Syrup,Lettuce,Flax Seeds,nan,Cantaloupe,Water,Pickles,Spaghetti Sauce,Cauliflower
Canned Tuna,Canned Soup,Jam,nan,Beans,Chia Seeds,Relish,Strawberries,Garlic,Frozen Fish,Powdered Sugar
Salt,Canned Beans,Beans,nan,Olive Oil,Pasta,Dried Fruit,Asparagus,Waffles,Couscous,Pineapple
Powdered Sugar,Strawberries,Soda,Raspberries,Lemon,Lettuce,Lettuce,Asparagus,Farro,Barley,Lime
Ketchup,Baking Powder,Chicken,nan,Lentils,Blueberries,Frozen Dinners,Mushrooms,nan,Vinegar,Corn
nan,Heavy Cream,Chips,Chocolate,Celery,Crackers,Ketchup,Eggs,Quinoa,Canned Beans,Bell Pepper
nan,Vinegar,Farro,Sugar,Watermelon,Canned Soup,Nectarines,Cantaloupe,Zucchini,Almond Milk,Mayonnaise
Quinoa,Canned Tuna,Blueberries,Fish,Grapes,Grapes,Pancake Mix,Apple,Coconut Milk,Honey,Cottage Cheese
Powdered Sugar,Hot Sauce,Cereal,Barley,Chia Seeds,Baking Soda,Salsa,Mushrooms,Garlic,Canned Tomatoes,Strawberries
Grapes,Frozen Vegetables,Apple,Waffles,Eggplant,nan,Garlic,Honey,Kale,Nectarines,Beef
Vinegar,Dried Fruit,Cauliflower,Orange,Frozen Shrimp,Butter,nan,Cauliflower,Radishes,Apple,Flax Seeds
Relish,Asparagus,nan,Honey,Butter Milk,Butter Milk,Chia Seeds,nan,Brown Sugar,Orange,Cantaloupe
Pancake Mix,Lettuce,Grapes,Mayonnaise,Pickles,Coconut Milk,Nectarines,Canned Soup,Beans,Peanut Butter,Canned Beans
nan,Crackers,Raspberries,Corn,Soy Milk,Fish,Almond Milk,Strawberries,Beans,Strawberries,Cottage Cheese
nan,Cornstarch,nan,Heavy Cream,Beans,Flax Seeds,Nuts,nan,Chocolate,Olive Oil,Cornstarch
Baking Soda,Vinegar,Canned Tomatoes,Canned Soup,Beans,Strawberries,Strawberries,Beans,Frozen Dinners,Frozen Fruits,Grapes
Sour Cream,Salt,nan,Nectarines,Celery,Rice,nan,nan,Beef,Canned Soup,Yeast
Oats,Frozen Fish,Banana,Vinegar,Bell Pepper,Canned Soup,Lettuce,Soy Sauce,Cereal,Soda,Broccoli
Mustard,nan,Radishes,Cottage Cheese,nan,Celery,Cookies,Maple Syrup,Honey,Half and Half,Whipped Cream
Heavy Cream,Cucumber,Chicken,Potato,Cheese,Beans,nan,Bread,Frozen Pizza,Yeast,Strawberries
Canned Tomatoes,Heavy Cream,Beef,Asparagus,Beef,Chips,Radishes,Frozen Fish,Potato,Frozen Pizza,Corn
Bread,nan,Celery,Rice,Lime,Canned Beans,Breadcrumbs,Lentils,Baking Soda,Coffee,Baking Powder
Carrot,Watermelon,Maple Syrup,Lemon,Peaches,Water,Heavy Cream,Kale,Olive Oil,Frozen Pizza,Cereal
Mustard,nan,Pickles,Zucchini,nan,Relish,Tea,Honeydew,Chocolate,Frozen Vegetables,Flour
Honey,Half and Half,Frozen Fruits,nan,Coconut Milk,Half and Half,Bell Pepper,Oats,Pancake Mix,Grapes,nan
Tea,Mayonnaise,nan,Bread,Flour,Celery,Butter,Bread,Hot Sauce,Jam,Canned Tomatoes
Watermelon,Avocado,nan,Butter,Potato,Cereal,Honeydew,Peanut Butter,Cornstarch,Peas,Ice Cream
